state,date,consumption_ml
NSW,2010-07-01,872.0999999999999
NSW,2010-08-01,879.0999999999999
NSW,2010-09-01,875.4
NSW,2010-10-01,903.3000000000001
NSW,2010-11-01,947.5
NSW,2010-12-01,960.2
NSW,2011-01-01,829.5
NSW,2011-02-01,868.0
NSW,2011-03-01,933.0
NSW,2011-04-01,843.3
NSW,2011-05-01,910.1
NSW,2011-06-01,896.0
NSW,2011-07-01,908.7
NSW,2011-08-01,941.4000000000001
NSW,2011-09-01,906.0
NSW,2011-10-01,873.4
NSW,2011-11-01,925.3
NSW,2011-12-01,901.5
NSW,2012-01-01,848.2
NSW,2012-02-01,879.2
NSW,2012-03-01,918.2
NSW,2012-04-01,843.1
NSW,2012-05-01,964.5
NSW,2012-06-01,853.8
NSW,2012-07-01,916.5999999999999
NSW,2012-08-01,953.7
NSW,2012-09-01,878.5
NSW,2012-10-01,957.6
NSW,2012-11-01,955.2
NSW,2012-12-01,934.5999999999999
NSW,2013-01-01,910.7
NSW,2013-02-01,885.4
NSW,2013-03-01,940.3
NSW,2013-04-01,922.2
NSW,2013-05-01,940.5
NSW,2013-06-01,878.0999999999999
NSW,2013-07-01,977.0
NSW,2013-08-01,998.8
NSW,2013-09-01,920.7
NSW,2013-10-01,975.3
NSW,2013-11-01,967.9000000000001
NSW,2013-12-01,969.1999999999999
NSW,2014-01-01,930.0
NSW,2014-02-01,916.3
NSW,2014-03-01,949.6
NSW,2014-04-01,917.2
NSW,2014-05-01,955.5999999999999
NSW,2014-06-01,893.4000000000001
NSW,2014-07-01,980.7
NSW,2014-08-01,946.4
NSW,2014-09-01,928.5999999999999
NSW,2014-10-01,973.5999999999999
NSW,2014-11-01,950.0999999999999
NSW,2014-12-01,982.2
NSW,2015-01-01,914.9
NSW,2015-02-01,934.1
NSW,2015-03-01,978.1
NSW,2015-04-01,902.4
NSW,2015-05-01,943.9
NSW,2015-06-01,905.5
NSW,2015-07-01,973.3
NSW,2015-08-01,959.5
NSW,2015-09-01,944.5999999999999
NSW,2015-10-01,968.5
NSW,2015-11-01,952.3
NSW,2015-12-01,1014.7
NSW,2016-01-01,894.7
NSW,2016-02-01,971.9000000000001
NSW,2016-03-01,999.0
NSW,2016-04-01,927.8
NSW,2016-05-01,944.9
NSW,2016-06-01,886.4
NSW,2016-07-01,927.2
NSW,2016-08-01,953.7
NSW,2016-09-01,918.7
NSW,2016-10-01,950.6
NSW,2016-11-01,1008.6
NSW,2016-12-01,1022.3000000000001
NSW,2017-01-01,950.4
NSW,2017-02-01,983.6
NSW,2017-03-01,1066.1
NSW,2017-04-01,965.0
NSW,2017-05-01,1066.3
NSW,2017-06-01,978.6
NSW,2017-07-01,1018.7
NSW,2017-08-01,1034.8
NSW,2017-09-01,1008.4000000000001
NSW,2017-10-01,1022.9
NSW,2017-11-01,1043.8
NSW,2017-12-01,1050.1999999999998
NSW,2018-01-01,1009.7
NSW,2018-02-01,988.0999999999999
NSW,2018-03-01,1076.4
NSW,2018-04-01,1002.1
NSW,2018-05-01,1084.3
NSW,2018-06-01,992.3000000000001
NSW,2018-07-01,1043.0
NSW,2018-08-01,1060.0
NSW,2018-09-01,993.4
NSW,2018-10-01,1059.8
NSW,2018-11-01,1106.6
NSW,2018-12-01,1031.4
NSW,2019-01-01,996.5
NSW,2019-02-01,988.3
NSW,2019-03-01,1072.3
NSW,2019-04-01,1019.3
NSW,2019-05-01,1072.2
NSW,2019-06-01,980.9
NSW,2019-07-01,1029.0
NSW,2019-08-01,1052.0
NSW,2019-09-01,996.5
NSW,2019-10-01,1063.3
NSW,2019-11-01,1055.1
NSW,2019-12-01,1062.4
NSW,2020-01-01,1001.0
NSW,2020-02-01,993.5
NSW,2020-03-01,1038.8
NSW,2020-04-01,733.2
NSW,2020-05-01,893.9
NSW,2020-06-01,939.0
NSW,2020-07-01,967.7
NSW,2020-08-01,964.3000000000001
NSW,2020-09-01,984.9
NSW,2020-10-01,1006.9000000000001
NSW,2020-11-01,1044.0
NSW,2020-12-01,1034.1
NSW,2021-01-01,922.5999999999999
NSW,2021-02-01,986.8
NSW,2021-03-01,1044.4
NSW,2021-04-01,1061.6
NSW,2021-05-01,1093.9
NSW,2021-06-01,1027.8000000000002
NSW,2021-07-01,839.7
NSW,2021-08-01,772.6999999999999
NSW,2021-09-01,818.6
NSW,2021-10-01,1003.4
NSW,2021-11-01,1023.8
NSW,2021-12-01,1080.1
NSW,2022-01-01,949.7
NSW,2022-02-01,972.0
NSW,2022-03-01,1029.3
NSW,2022-04-01,919.5
NSW,2022-05-01,1064.1
NSW,2022-06-01,1042.6
NSW,2022-07-01,1002.7
NSW,2022-08-01,1047.3
NSW,2022-09-01,1030.5
NSW,2022-10-01,972.2
NSW,2022-11-01,1069.8
NSW,2022-12-01,1091.3
NSW,2023-01-01,969.3
NSW,2023-02-01,992.1
NSW,2023-03-01,1138.6
NSW,2023-04-01,978.9
NSW,2023-05-01,1105.7
NSW,2023-06-01,1027.0
NSW,2023-07-01,1019.7
NSW,2023-08-01,1064.0
NSW,2023-09-01,1031.3
NSW,2023-10-01,1082.1999999999998
NSW,2023-11-01,1083.8
NSW,2023-12-01,1041.0
NSW,2024-01-01,1023.9000000000001
NSW,2024-02-01,1040.6
NSW,2024-03-01,1096.8
NSW,2024-04-01,1018.6
NSW,2024-05-01,1080.5
NSW,2024-06-01,981.7
NSW,2024-07-01,1034.7
NSW,2024-08-01,1052.4
NSW,2024-09-01,1045.0
NSW,2024-10-01,1094.9
NSW,2024-11-01,1102.0
NSW,2024-12-01,1083.2
NSW,2025-01-01,1018.0
NSW,2025-02-01,1015.7
NSW,2025-03-01,1091.3
NSW,2025-04-01,1034.7
NSW,2025-05-01,1058.8000000000002
NSW,2025-06-01,1065.1999999999998
NSW,2025-07-01,1065.4
NSW,2025-08-01,1038.3000000000002
NSW,2025-09-01,1070.4
NSW,2025-10-01,1124.3
NSW,2025-11-01,1102.9
NSW,2025-12-01,1112.3
NSW,2026-01-01,1034.4
NSW,2026-02-01,1029.1
NSW,2026-03-01,1160.7
NSW,2026-04-01,1003.0999999999999
NSW,2026-05-01,1010.5
NSW,2026-06-01,1084.1
NT,2010-07-01,77.2
NT,2010-08-01,79.8
NT,2010-09-01,77.5
NT,2010-10-01,70.1
NT,2010-11-01,62.5
NT,2010-12-01,67.89999999999999
NT,2011-01-01,57.199999999999996
NT,2011-02-01,46.2
NT,2011-03-01,49.8
NT,2011-04-01,57.2
NT,2011-05-01,66.7
NT,2011-06-01,92.19999999999999
NT,2011-07-01,100.9
NT,2011-08-01,71.3
NT,2011-09-01,81.5
NT,2011-10-01,68.7
NT,2011-11-01,74.7
NT,2011-12-01,68.2
NT,2012-01-01,53.2
NT,2012-02-01,49.1
NT,2012-03-01,56.8
NT,2012-04-01,51.4
NT,2012-05-01,74.39999999999999
NT,2012-06-01,63.3
NT,2012-07-01,72.7
NT,2012-08-01,64.7
NT,2012-09-01,67.5
NT,2012-10-01,62.0
NT,2012-11-01,72.0
NT,2012-12-01,63.7
NT,2013-01-01,64.3
NT,2013-02-01,56.9
NT,2013-03-01,65.7
NT,2013-04-01,61.8
NT,2013-05-01,54.0
NT,2013-06-01,62.9
NT,2013-07-01,60.3
NT,2013-08-01,70.2
NT,2013-09-01,61.8
NT,2013-10-01,57.900000000000006
NT,2013-11-01,67.3
NT,2013-12-01,68.5
NT,2014-01-01,65.8
NT,2014-02-01,54.8
NT,2014-03-01,67.8
NT,2014-04-01,68.4
NT,2014-05-01,74.3
NT,2014-06-01,67.1
NT,2014-07-01,75.9
NT,2014-08-01,75.6
NT,2014-09-01,72.0
NT,2014-10-01,71.9
NT,2014-11-01,60.699999999999996
NT,2014-12-01,70.2
NT,2015-01-01,67.3
NT,2015-02-01,51.4
NT,2015-03-01,62.9
NT,2015-04-01,50.4
NT,2015-05-01,59.5
NT,2015-06-01,58.3
NT,2015-07-01,63.3
NT,2015-08-01,68.6
NT,2015-09-01,68.2
NT,2015-10-01,67.5
NT,2015-11-01,52.8
NT,2015-12-01,62.6
NT,2016-01-01,60.199999999999996
NT,2016-02-01,60.300000000000004
NT,2016-03-01,69.0
NT,2016-04-01,64.8
NT,2016-05-01,63.5
NT,2016-06-01,67.9
NT,2016-07-01,62.9
NT,2016-08-01,64.7
NT,2016-09-01,56.3
NT,2016-10-01,52.2
NT,2016-11-01,56.4
NT,2016-12-01,56.4
NT,2017-01-01,60.2
NT,2017-02-01,55.099999999999994
NT,2017-03-01,80.10000000000001
NT,2017-04-01,71.4
NT,2017-05-01,79.2
NT,2017-06-01,90.9
NT,2017-07-01,64.7
NT,2017-08-01,75.9
NT,2017-09-01,63.3
NT,2017-10-01,69.1
NT,2017-11-01,72.60000000000001
NT,2017-12-01,63.199999999999996
NT,2018-01-01,58.2
NT,2018-02-01,66.7
NT,2018-03-01,76.0
NT,2018-04-01,81.6
NT,2018-05-01,87.7
NT,2018-06-01,94.10000000000001
NT,2018-07-01,97.2
NT,2018-08-01,98.3
NT,2018-09-01,89.69999999999999
NT,2018-10-01,84.8
NT,2018-11-01,90.5
NT,2018-12-01,63.900000000000006
NT,2019-01-01,66.60000000000001
NT,2019-02-01,61.400000000000006
NT,2019-03-01,67.6
NT,2019-04-01,67.89999999999999
NT,2019-05-01,76.8
NT,2019-06-01,75.10000000000001
NT,2019-07-01,74.0
NT,2019-08-01,74.60000000000001
NT,2019-09-01,72.8
NT,2019-10-01,73.0
NT,2019-11-01,68.7
NT,2019-12-01,66.0
NT,2020-01-01,56.8
NT,2020-02-01,58.599999999999994
NT,2020-03-01,65.2
NT,2020-04-01,59.9
NT,2020-05-01,69.1
NT,2020-06-01,68.6
NT,2020-07-01,61.9
NT,2020-08-01,72.7
NT,2020-09-01,71.1
NT,2020-10-01,76.8
NT,2020-11-01,71.8
NT,2020-12-01,66.5
NT,2021-01-01,55.099999999999994
NT,2021-02-01,54.3
NT,2021-03-01,64.6
NT,2021-04-01,66.2
NT,2021-05-01,74.3
NT,2021-06-01,76.5
NT,2021-07-01,74.7
NT,2021-08-01,81.6
NT,2021-09-01,78.7
NT,2021-10-01,78.5
NT,2021-11-01,71.0
NT,2021-12-01,61.8
NT,2022-01-01,58.199999999999996
NT,2022-02-01,54.199999999999996
NT,2022-03-01,64.2
NT,2022-04-01,59.900000000000006
NT,2022-05-01,68.7
NT,2022-06-01,72.7
NT,2022-07-01,81.4
NT,2022-08-01,75.7
NT,2022-09-01,80.30000000000001
NT,2022-10-01,76.5
NT,2022-11-01,70.6
NT,2022-12-01,61.0
NT,2023-01-01,53.8
NT,2023-02-01,53.1
NT,2023-03-01,62.8
NT,2023-04-01,66.60000000000001
NT,2023-05-01,73.5
NT,2023-06-01,72.1
NT,2023-07-01,77.6
NT,2023-08-01,79.0
NT,2023-09-01,73.89999999999999
NT,2023-10-01,74.8
NT,2023-11-01,79.4
NT,2023-12-01,67.1
NT,2024-01-01,58.9
NT,2024-02-01,60.5
NT,2024-03-01,63.7
NT,2024-04-01,70.0
NT,2024-05-01,86.10000000000001
NT,2024-06-01,85.0
NT,2024-07-01,90.8
NT,2024-08-01,86.69999999999999
NT,2024-09-01,83.8
NT,2024-10-01,83.0
NT,2024-11-01,75.2
NT,2024-12-01,70.39999999999999
NT,2025-01-01,68.0
NT,2025-02-01,62.6
NT,2025-03-01,74.2
NT,2025-04-01,75.1
NT,2025-05-01,81.89999999999999
NT,2025-06-01,83.69999999999999
NT,2025-07-01,89.8
NT,2025-08-01,90.8
NT,2025-09-01,92.1
NT,2025-10-01,86.3
NT,2025-11-01,71.0
NT,2025-12-01,69.5
NT,2026-01-01,56.6
NT,2026-02-01,53.0
NT,2026-03-01,62.9
NT,2026-04-01,60.900000000000006
NT,2026-05-01,70.3
NT,2026-06-01,85.3
QLD,2010-07-01,904.5
QLD,2010-08-01,898.6
QLD,2010-09-01,840.1
QLD,2010-10-01,881.5999999999999
QLD,2010-11-01,878.5
QLD,2010-12-01,783.5999999999999
QLD,2011-01-01,735.5999999999999
QLD,2011-02-01,816.2
QLD,2011-03-01,839.8
QLD,2011-04-01,796.3
QLD,2011-05-01,893.6
QLD,2011-06-01,886.8
QLD,2011-07-01,918.6
QLD,2011-08-01,952.9000000000001
QLD,2011-09-01,884.5
QLD,2011-10-01,933.6999999999999
QLD,2011-11-01,988.8
QLD,2011-12-01,903.5
QLD,2012-01-01,841.3000000000001
QLD,2012-02-01,878.1
QLD,2012-03-01,894.8
QLD,2012-04-01,881.0
QLD,2012-05-01,964.1
QLD,2012-06-01,913.8
QLD,2012-07-01,940.7
QLD,2012-08-01,1033.4
QLD,2012-09-01,960.3
QLD,2012-10-01,1005.5
QLD,2012-11-01,993.0999999999999
QLD,2012-12-01,931.0
QLD,2013-01-01,866.0
QLD,2013-02-01,864.6
QLD,2013-03-01,925.9000000000001
QLD,2013-04-01,922.4
QLD,2013-05-01,977.1
QLD,2013-06-01,943.0
QLD,2013-07-01,1018.8
QLD,2013-08-01,1019.2
QLD,2013-09-01,962.6999999999999
QLD,2013-10-01,999.0
QLD,2013-11-01,936.6
QLD,2013-12-01,910.1
QLD,2014-01-01,876.7
QLD,2014-02-01,835.4000000000001
QLD,2014-03-01,888.7
QLD,2014-04-01,875.6999999999999
QLD,2014-05-01,925.8
QLD,2014-06-01,879.9000000000001
QLD,2014-07-01,982.9
QLD,2014-08-01,951.5
QLD,2014-09-01,919.5
QLD,2014-10-01,965.0999999999999
QLD,2014-11-01,915.5
QLD,2014-12-01,881.8
QLD,2015-01-01,841.1
QLD,2015-02-01,861.3
QLD,2015-03-01,931.0
QLD,2015-04-01,890.9000000000001
QLD,2015-05-01,927.9000000000001
QLD,2015-06-01,944.6999999999999
QLD,2015-07-01,992.2
QLD,2015-08-01,953.2
QLD,2015-09-01,925.5
QLD,2015-10-01,941.3
QLD,2015-11-01,891.1
QLD,2015-12-01,886.7
QLD,2016-01-01,827.5
QLD,2016-02-01,840.4000000000001
QLD,2016-03-01,876.8000000000001
QLD,2016-04-01,867.3
QLD,2016-05-01,883.4000000000001
QLD,2016-06-01,848.8
QLD,2016-07-01,863.0
QLD,2016-08-01,913.1
QLD,2016-09-01,859.9000000000001
QLD,2016-10-01,905.0
QLD,2016-11-01,915.0
QLD,2016-12-01,871.0
QLD,2017-01-01,882.8000000000001
QLD,2017-02-01,897.8000000000001
QLD,2017-03-01,897.7
QLD,2017-04-01,902.9
QLD,2017-05-01,977.7
QLD,2017-06-01,997.3
QLD,2017-07-01,966.5999999999999
QLD,2017-08-01,974.9
QLD,2017-09-01,906.0
QLD,2017-10-01,881.7
QLD,2017-11-01,938.4000000000001
QLD,2017-12-01,896.0
QLD,2018-01-01,951.6
QLD,2018-02-01,875.8
QLD,2018-03-01,979.5999999999999
QLD,2018-04-01,941.8
QLD,2018-05-01,1042.6
QLD,2018-06-01,1004.0
QLD,2018-07-01,1025.2
QLD,2018-08-01,1053.4
QLD,2018-09-01,945.1
QLD,2018-10-01,972.0999999999999
QLD,2018-11-01,994.8000000000001
QLD,2018-12-01,909.1999999999999
QLD,2019-01-01,896.8
QLD,2019-02-01,841.1999999999999
QLD,2019-03-01,919.9000000000001
QLD,2019-04-01,886.1999999999999
QLD,2019-05-01,981.8
QLD,2019-06-01,928.0
QLD,2019-07-01,1018.8
QLD,2019-08-01,998.6999999999999
QLD,2019-09-01,969.5999999999999
QLD,2019-10-01,985.9000000000001
QLD,2019-11-01,967.5
QLD,2019-12-01,927.0999999999999
QLD,2020-01-01,877.7
QLD,2020-02-01,846.1999999999999
QLD,2020-03-01,928.8
QLD,2020-04-01,751.5
QLD,2020-05-01,856.0
QLD,2020-06-01,889.4
QLD,2020-07-01,941.8
QLD,2020-08-01,938.8
QLD,2020-09-01,948.4000000000001
QLD,2020-10-01,983.3
QLD,2020-11-01,981.8000000000001
QLD,2020-12-01,910.8
QLD,2021-01-01,844.3
QLD,2021-02-01,869.5999999999999
QLD,2021-03-01,959.3
QLD,2021-04-01,911.6
QLD,2021-05-01,1000.4000000000001
QLD,2021-06-01,987.5
QLD,2021-07-01,978.2
QLD,2021-08-01,952.0999999999999
QLD,2021-09-01,973.3
QLD,2021-10-01,984.6999999999999
QLD,2021-11-01,947.0
QLD,2021-12-01,924.5
QLD,2022-01-01,864.8000000000001
QLD,2022-02-01,846.0999999999999
QLD,2022-03-01,960.9
QLD,2022-04-01,876.7
QLD,2022-05-01,885.7
QLD,2022-06-01,1001.6
QLD,2022-07-01,929.5999999999999
QLD,2022-08-01,1032.0
QLD,2022-09-01,1004.5
QLD,2022-10-01,944.9000000000001
QLD,2022-11-01,989.5
QLD,2022-12-01,960.5
QLD,2023-01-01,858.0
QLD,2023-02-01,877.4
QLD,2023-03-01,986.8
QLD,2023-04-01,918.8
QLD,2023-05-01,1011.1
QLD,2023-06-01,979.1
QLD,2023-07-01,979.9
QLD,2023-08-01,1035.6
QLD,2023-09-01,998.8
QLD,2023-10-01,1036.5
QLD,2023-11-01,973.1
QLD,2023-12-01,922.1999999999999
QLD,2024-01-01,944.3
QLD,2024-02-01,934.4000000000001
QLD,2024-03-01,1000.7
QLD,2024-04-01,962.8
QLD,2024-05-01,1106.4
QLD,2024-06-01,1003.3
QLD,2024-07-01,1054.0
QLD,2024-08-01,1039.9
QLD,2024-09-01,1041.5
QLD,2024-10-01,1094.4
QLD,2024-11-01,1049.4
QLD,2024-12-01,965.8
QLD,2025-01-01,949.2
QLD,2025-02-01,853.1
QLD,2025-03-01,930.5
QLD,2025-04-01,936.4
QLD,2025-05-01,1043.0
QLD,2025-06-01,1035.6
QLD,2025-07-01,1067.3
QLD,2025-08-01,1040.1999999999998
QLD,2025-09-01,1044.2
QLD,2025-10-01,1107.5
QLD,2025-11-01,1021.3
QLD,2025-12-01,1012.1
QLD,2026-01-01,908.0
QLD,2026-02-01,882.7
QLD,2026-03-01,1019.5999999999999
QLD,2026-04-01,941.0999999999999
QLD,2026-05-01,960.8
QLD,2026-06-01,1014.4
SA,2010-07-01,229.2
SA,2010-08-01,229.7
SA,2010-09-01,223.89999999999998
SA,2010-10-01,231.3
SA,2010-11-01,247.0
SA,2010-12-01,259.7
SA,2011-01-01,223.5
SA,2011-02-01,227.1
SA,2011-03-01,252.4
SA,2011-04-01,234.0
SA,2011-05-01,245.3
SA,2011-06-01,233.3
SA,2011-07-01,226.89999999999998
SA,2011-08-01,233.0
SA,2011-09-01,231.0
SA,2011-10-01,228.1
SA,2011-11-01,256.29999999999995
SA,2011-12-01,247.60000000000002
SA,2012-01-01,221.39999999999998
SA,2012-02-01,241.4
SA,2012-03-01,247.0
SA,2012-04-01,229.6
SA,2012-05-01,262.3
SA,2012-06-01,230.8
SA,2012-07-01,228.8
SA,2012-08-01,233.39999999999998
SA,2012-09-01,216.5
SA,2012-10-01,240.2
SA,2012-11-01,259.2
SA,2012-12-01,236.5
SA,2013-01-01,232.5
SA,2013-02-01,229.2
SA,2013-03-01,246.1
SA,2013-04-01,247.5
SA,2013-05-01,261.6
SA,2013-06-01,231.4
SA,2013-07-01,246.39999999999998
SA,2013-08-01,249.6
SA,2013-09-01,238.70000000000002
SA,2013-10-01,270.0
SA,2013-11-01,282.6
SA,2013-12-01,260.29999999999995
SA,2014-01-01,244.7
SA,2014-02-01,245.4
SA,2014-03-01,255.7
SA,2014-04-01,259.5
SA,2014-05-01,275.1
SA,2014-06-01,234.6
SA,2014-07-01,244.0
SA,2014-08-01,243.4
SA,2014-09-01,234.4
SA,2014-10-01,260.5
SA,2014-11-01,261.1
SA,2014-12-01,258.6
SA,2015-01-01,237.7
SA,2015-02-01,243.7
SA,2015-03-01,251.3
SA,2015-04-01,245.89999999999998
SA,2015-05-01,248.9
SA,2015-06-01,236.2
SA,2015-07-01,240.0
SA,2015-08-01,235.10000000000002
SA,2015-09-01,242.20000000000002
SA,2015-10-01,253.89999999999998
SA,2015-11-01,263.8
SA,2015-12-01,259.1
SA,2016-01-01,230.9
SA,2016-02-01,249.89999999999998
SA,2016-03-01,250.39999999999998
SA,2016-04-01,237.7
SA,2016-05-01,247.60000000000002
SA,2016-06-01,232.6
SA,2016-07-01,235.8
SA,2016-08-01,235.1
SA,2016-09-01,218.3
SA,2016-10-01,236.0
SA,2016-11-01,264.1
SA,2016-12-01,261.6
SA,2017-01-01,240.1
SA,2017-02-01,232.8
SA,2017-03-01,258.4
SA,2017-04-01,232.6
SA,2017-05-01,271.9
SA,2017-06-01,242.0
SA,2017-07-01,233.79999999999998
SA,2017-08-01,236.5
SA,2017-09-01,238.39999999999998
SA,2017-10-01,255.0
SA,2017-11-01,268.9
SA,2017-12-01,262.3
SA,2018-01-01,251.7
SA,2018-02-01,242.0
SA,2018-03-01,271.6
SA,2018-04-01,256.0
SA,2018-05-01,280.7
SA,2018-06-01,249.7
SA,2018-07-01,250.6
SA,2018-08-01,254.4
SA,2018-09-01,239.0
SA,2018-10-01,262.3
SA,2018-11-01,273.0
SA,2018-12-01,251.7
SA,2019-01-01,234.3
SA,2019-02-01,223.4
SA,2019-03-01,245.7
SA,2019-04-01,238.4
SA,2019-05-01,257.2
SA,2019-06-01,235.0
SA,2019-07-01,239.8
SA,2019-08-01,246.89999999999998
SA,2019-09-01,244.0
SA,2019-10-01,263.3
SA,2019-11-01,266.7
SA,2019-12-01,250.1
SA,2020-01-01,239.10000000000002
SA,2020-02-01,238.8
SA,2020-03-01,269.4
SA,2020-04-01,195.0
SA,2020-05-01,234.5
SA,2020-06-01,226.5
SA,2020-07-01,236.29999999999998
SA,2020-08-01,229.6
SA,2020-09-01,233.10000000000002
SA,2020-10-01,248.2
SA,2020-11-01,254.3
SA,2020-12-01,252.70000000000002
SA,2021-01-01,229.29999999999998
SA,2021-02-01,228.89999999999998
SA,2021-03-01,263.9
SA,2021-04-01,246.7
SA,2021-05-01,254.0
SA,2021-06-01,247.60000000000002
SA,2021-07-01,218.2
SA,2021-08-01,237.7
SA,2021-09-01,235.0
SA,2021-10-01,242.2
SA,2021-11-01,255.6
SA,2021-12-01,269.2
SA,2022-01-01,219.8
SA,2022-02-01,240.60000000000002
SA,2022-03-01,264.7
SA,2022-04-01,235.5
SA,2022-05-01,261.9
SA,2022-06-01,254.2
SA,2022-07-01,250.79999999999998
SA,2022-08-01,242.29999999999998
SA,2022-09-01,245.1
SA,2022-10-01,235.9
SA,2022-11-01,258.9
SA,2022-12-01,286.0
SA,2023-01-01,252.39999999999998
SA,2023-02-01,238.9
SA,2023-03-01,269.6
SA,2023-04-01,244.3
SA,2023-05-01,282.2
SA,2023-06-01,247.0
SA,2023-07-01,238.39999999999998
SA,2023-08-01,253.5
SA,2023-09-01,237.8
SA,2023-10-01,268.2
SA,2023-11-01,269.4
SA,2023-12-01,240.4
SA,2024-01-01,244.39999999999998
SA,2024-02-01,248.2
SA,2024-03-01,257.3
SA,2024-04-01,258.0
SA,2024-05-01,277.2
SA,2024-06-01,242.5
SA,2024-07-01,244.8
SA,2024-08-01,251.39999999999998
SA,2024-09-01,239.89999999999998
SA,2024-10-01,261.0
SA,2024-11-01,260.3
SA,2024-12-01,237.6
SA,2025-01-01,230.29999999999998
SA,2025-02-01,220.1
SA,2025-03-01,237.5
SA,2025-04-01,240.89999999999998
SA,2025-05-01,248.0
SA,2025-06-01,237.0
SA,2025-07-01,231.4
SA,2025-08-01,226.8
SA,2025-09-01,221.2
SA,2025-10-01,249.8
SA,2025-11-01,243.3
SA,2025-12-01,259.8
SA,2026-01-01,235.7
SA,2026-02-01,229.3
SA,2026-03-01,271.3
SA,2026-04-01,245.2
SA,2026-05-01,243.0
SA,2026-06-01,248.5
TAS,2010-07-01,65.80000000000001
TAS,2010-08-01,62.599999999999994
TAS,2010-09-01,59.7
TAS,2010-10-01,65.6
TAS,2010-11-01,70.7
TAS,2010-12-01,71.69999999999999
TAS,2011-01-01,65.3
TAS,2011-02-01,69.9
TAS,2011-03-01,70.4
TAS,2011-04-01,62.4
TAS,2011-05-01,62.099999999999994
TAS,2011-06-01,57.4
TAS,2011-07-01,60.099999999999994
TAS,2011-08-01,62.400000000000006
TAS,2011-09-01,60.6
TAS,2011-10-01,65.0
TAS,2011-11-01,69.4
TAS,2011-12-01,71.1
TAS,2012-01-01,68.0
TAS,2012-02-01,69.0
TAS,2012-03-01,70.1
TAS,2012-04-01,58.8
TAS,2012-05-01,62.5
TAS,2012-06-01,56.2
TAS,2012-07-01,60.8
TAS,2012-08-01,61.8
TAS,2012-09-01,56.7
TAS,2012-10-01,64.6
TAS,2012-11-01,67.2
TAS,2012-12-01,67.0
TAS,2013-01-01,70.3
TAS,2013-02-01,64.4
TAS,2013-03-01,64.69999999999999
TAS,2013-04-01,62.7
TAS,2013-05-01,63.3
TAS,2013-06-01,56.8
TAS,2013-07-01,71.0
TAS,2013-08-01,70.2
TAS,2013-09-01,68.8
TAS,2013-10-01,74.0
TAS,2013-11-01,76.0
TAS,2013-12-01,81.5
TAS,2014-01-01,79.30000000000001
TAS,2014-02-01,75.7
TAS,2014-03-01,75.7
TAS,2014-04-01,72.0
TAS,2014-05-01,72.9
TAS,2014-06-01,66.0
TAS,2014-07-01,70.2
TAS,2014-08-01,70.1
TAS,2014-09-01,69.9
TAS,2014-10-01,74.6
TAS,2014-11-01,74.9
TAS,2014-12-01,79.0
TAS,2015-01-01,79.69999999999999
TAS,2015-02-01,78.6
TAS,2015-03-01,79.1
TAS,2015-04-01,73.0
TAS,2015-05-01,70.2
TAS,2015-06-01,69.1
TAS,2015-07-01,70.4
TAS,2015-08-01,66.80000000000001
TAS,2015-09-01,69.4
TAS,2015-10-01,73.69999999999999
TAS,2015-11-01,76.7
TAS,2015-12-01,81.6
TAS,2016-01-01,73.1
TAS,2016-02-01,78.80000000000001
TAS,2016-03-01,77.9
TAS,2016-04-01,79.8
TAS,2016-05-01,69.6
TAS,2016-06-01,64.9
TAS,2016-07-01,65.9
TAS,2016-08-01,67.9
TAS,2016-09-01,71.0
TAS,2016-10-01,70.1
TAS,2016-11-01,75.0
TAS,2016-12-01,80.2
TAS,2017-01-01,76.69999999999999
TAS,2017-02-01,77.0
TAS,2017-03-01,78.6
TAS,2017-04-01,69.3
TAS,2017-05-01,72.80000000000001
TAS,2017-06-01,69.69999999999999
TAS,2017-07-01,62.8
TAS,2017-08-01,65.1
TAS,2017-09-01,63.8
TAS,2017-10-01,69.30000000000001
TAS,2017-11-01,72.4
TAS,2017-12-01,72.4
TAS,2018-01-01,79.3
TAS,2018-02-01,76.30000000000001
TAS,2018-03-01,81.69999999999999
TAS,2018-04-01,70.1
TAS,2018-05-01,77.6
TAS,2018-06-01,71.2
TAS,2018-07-01,70.8
TAS,2018-08-01,74.1
TAS,2018-09-01,71.4
TAS,2018-10-01,83.69999999999999
TAS,2018-11-01,82.80000000000001
TAS,2018-12-01,77.6
TAS,2019-01-01,83.7
TAS,2019-02-01,75.6
TAS,2019-03-01,81.4
TAS,2019-04-01,76.0
TAS,2019-05-01,78.7
TAS,2019-06-01,69.8
TAS,2019-07-01,74.3
TAS,2019-08-01,74.0
TAS,2019-09-01,72.7
TAS,2019-10-01,81.9
TAS,2019-11-01,81.6
TAS,2019-12-01,81.4
TAS,2020-01-01,84.69999999999999
TAS,2020-02-01,79.6
TAS,2020-03-01,83.1
TAS,2020-04-01,54.699999999999996
TAS,2020-05-01,64.0
TAS,2020-06-01,68.0
TAS,2020-07-01,86.1
TAS,2020-08-01,72.1
TAS,2020-09-01,73.4
TAS,2020-10-01,76.2
TAS,2020-11-01,79.3
TAS,2020-12-01,85.9
TAS,2021-01-01,79.9
TAS,2021-02-01,76.8
TAS,2021-03-01,82.1
TAS,2021-04-01,77.9
TAS,2021-05-01,78.6
TAS,2021-06-01,75.7
TAS,2021-07-01,73.2
TAS,2021-08-01,74.9
TAS,2021-09-01,76.7
TAS,2021-10-01,76.7
TAS,2021-11-01,79.3
TAS,2021-12-01,91.9
TAS,2022-01-01,79.0
TAS,2022-02-01,72.1
TAS,2022-03-01,87.8
TAS,2022-04-01,69.4
TAS,2022-05-01,70.0
TAS,2022-06-01,69.0
TAS,2022-07-01,64.0
TAS,2022-08-01,70.9
TAS,2022-09-01,73.19999999999999
TAS,2022-10-01,67.69999999999999
TAS,2022-11-01,79.9
TAS,2022-12-01,80.1
TAS,2023-01-01,79.4
TAS,2023-02-01,73.2
TAS,2023-03-01,85.30000000000001
TAS,2023-04-01,69.0
TAS,2023-05-01,75.30000000000001
TAS,2023-06-01,68.4
TAS,2023-07-01,65.0
TAS,2023-08-01,76.2
TAS,2023-09-01,67.0
TAS,2023-10-01,81.9
TAS,2023-11-01,76.8
TAS,2023-12-01,75.5
TAS,2024-01-01,75.5
TAS,2024-02-01,77.9
TAS,2024-03-01,86.2
TAS,2024-04-01,70.0
TAS,2024-05-01,67.7
TAS,2024-06-01,62.1
TAS,2024-07-01,65.2
TAS,2024-08-01,69.2
TAS,2024-09-01,64.8
TAS,2024-10-01,72.5
TAS,2024-11-01,79.19999999999999
TAS,2024-12-01,80.7
TAS,2025-01-01,80.80000000000001
TAS,2025-02-01,79.5
TAS,2025-03-01,78.6
TAS,2025-04-01,73.8
TAS,2025-05-01,78.1
TAS,2025-06-01,69.0
TAS,2025-07-01,70.5
TAS,2025-08-01,70.2
TAS,2025-09-01,73.8
TAS,2025-10-01,81.3
TAS,2025-11-01,78.0
TAS,2025-12-01,81.4
TAS,2026-01-01,81.2
TAS,2026-02-01,81.5
TAS,2026-03-01,88.9
TAS,2026-04-01,77.1
TAS,2026-05-01,75.1
TAS,2026-06-01,78.9
VIC,2010-07-01,668.3
VIC,2010-08-01,667.3
VIC,2010-09-01,631.9
VIC,2010-10-01,713.8
VIC,2010-11-01,727.5
VIC,2010-12-01,740.0
VIC,2011-01-01,626.3
VIC,2011-02-01,677.9
VIC,2011-03-01,718.8
VIC,2011-04-01,667.0
VIC,2011-05-01,721.0999999999999
VIC,2011-06-01,623.3
VIC,2011-07-01,688.9000000000001
VIC,2011-08-01,725.5
VIC,2011-09-01,692.9
VIC,2011-10-01,702.5
VIC,2011-11-01,755.7
VIC,2011-12-01,758.6
VIC,2012-01-01,663.5999999999999
VIC,2012-02-01,723.4
VIC,2012-03-01,735.7
VIC,2012-04-01,680.4000000000001
VIC,2012-05-01,751.5
VIC,2012-06-01,681.0
VIC,2012-07-01,725.3
VIC,2012-08-01,742.8
VIC,2012-09-01,683.1
VIC,2012-10-01,742.4000000000001
VIC,2012-11-01,759.7
VIC,2012-12-01,742.1
VIC,2013-01-01,698.9000000000001
VIC,2013-02-01,716.5
VIC,2013-03-01,757.8
VIC,2013-04-01,723.0
VIC,2013-05-01,762.7
VIC,2013-06-01,705.0999999999999
VIC,2013-07-01,732.5
VIC,2013-08-01,734.3
VIC,2013-09-01,693.4000000000001
VIC,2013-10-01,759.9
VIC,2013-11-01,767.0
VIC,2013-12-01,776.0
VIC,2014-01-01,698.9
VIC,2014-02-01,725.9000000000001
VIC,2014-03-01,763.6
VIC,2014-04-01,722.8
VIC,2014-05-01,768.7
VIC,2014-06-01,700.7
VIC,2014-07-01,753.0
VIC,2014-08-01,749.5
VIC,2014-09-01,734.6
VIC,2014-10-01,794.7
VIC,2014-11-01,784.8
VIC,2014-12-01,806.1
VIC,2015-01-01,715.4
VIC,2015-02-01,765.7
VIC,2015-03-01,797.9
VIC,2015-04-01,745.7
VIC,2015-05-01,771.3
VIC,2015-06-01,734.2
VIC,2015-07-01,752.8
VIC,2015-08-01,753.2
VIC,2015-09-01,748.0
VIC,2015-10-01,802.3
VIC,2015-11-01,783.8
VIC,2015-12-01,830.8
VIC,2016-01-01,720.8
VIC,2016-02-01,804.9
VIC,2016-03-01,801.7
VIC,2016-04-01,773.8
VIC,2016-05-01,793.8
VIC,2016-06-01,737.1
VIC,2016-07-01,751.7
VIC,2016-08-01,786.9000000000001
VIC,2016-09-01,722.9
VIC,2016-10-01,771.6
VIC,2016-11-01,826.7
VIC,2016-12-01,863.3
VIC,2017-01-01,748.7
VIC,2017-02-01,775.6
VIC,2017-03-01,864.4000000000001
VIC,2017-04-01,767.2
VIC,2017-05-01,860.6
VIC,2017-06-01,790.5
VIC,2017-07-01,801.4000000000001
VIC,2017-08-01,801.7
VIC,2017-09-01,755.9000000000001
VIC,2017-10-01,785.4000000000001
VIC,2017-11-01,845.2
VIC,2017-12-01,852.7
VIC,2018-01-01,760.9
VIC,2018-02-01,777.5
VIC,2018-03-01,849.9000000000001
VIC,2018-04-01,785.0
VIC,2018-05-01,864.7
VIC,2018-06-01,786.5999999999999
VIC,2018-07-01,806.3
VIC,2018-08-01,827.5
VIC,2018-09-01,768.9
VIC,2018-10-01,856.1
VIC,2018-11-01,844.5
VIC,2018-12-01,814.5
VIC,2019-01-01,783.2
VIC,2019-02-01,774.2
VIC,2019-03-01,844.4
VIC,2019-04-01,797.9
VIC,2019-05-01,839.7
VIC,2019-06-01,803.2
VIC,2019-07-01,789.0
VIC,2019-08-01,800.2
VIC,2019-09-01,799.5
VIC,2019-10-01,871.3
VIC,2019-11-01,864.9000000000001
VIC,2019-12-01,882.0
VIC,2020-01-01,812.2
VIC,2020-02-01,833.0
VIC,2020-03-01,856.7
VIC,2020-04-01,562.6
VIC,2020-05-01,694.5999999999999
VIC,2020-06-01,740.1
VIC,2020-07-01,683.4
VIC,2020-08-01,540.5
VIC,2020-09-01,609.5
VIC,2020-10-01,721.8
VIC,2020-11-01,830.0999999999999
VIC,2020-12-01,864.7
VIC,2021-01-01,747.9
VIC,2021-02-01,744.7
VIC,2021-03-01,882.3
VIC,2021-04-01,833.8
VIC,2021-05-01,840.7
VIC,2021-06-01,725.9000000000001
VIC,2021-07-01,734.5
VIC,2021-08-01,670.8
VIC,2021-09-01,639.8
VIC,2021-10-01,738.9000000000001
VIC,2021-11-01,845.8
VIC,2021-12-01,903.0999999999999
VIC,2022-01-01,758.1
VIC,2022-02-01,800.1
VIC,2022-03-01,883.5999999999999
VIC,2022-04-01,794.5999999999999
VIC,2022-05-01,863.7
VIC,2022-06-01,795.0999999999999
VIC,2022-07-01,812.1
VIC,2022-08-01,811.9000000000001
VIC,2022-09-01,808.2
VIC,2022-10-01,777.4
VIC,2022-11-01,831.3
VIC,2022-12-01,911.0
VIC,2023-01-01,807.5
VIC,2023-02-01,799.6
VIC,2023-03-01,903.2
VIC,2023-04-01,799.7
VIC,2023-05-01,898.4000000000001
VIC,2023-06-01,787.9
VIC,2023-07-01,801.3
VIC,2023-08-01,822.0
VIC,2023-09-01,798.7
VIC,2023-10-01,879.4000000000001
VIC,2023-11-01,893.0999999999999
VIC,2023-12-01,855.0
VIC,2024-01-01,796.4000000000001
VIC,2024-02-01,838.9
VIC,2024-03-01,874.1
VIC,2024-04-01,818.9
VIC,2024-05-01,902.2
VIC,2024-06-01,778.1
VIC,2024-07-01,817.9
VIC,2024-08-01,826.5999999999999
VIC,2024-09-01,797.9
VIC,2024-10-01,905.5999999999999
VIC,2024-11-01,858.3
VIC,2024-12-01,850.6
VIC,2025-01-01,787.4000000000001
VIC,2025-02-01,799.4000000000001
VIC,2025-03-01,874.6
VIC,2025-04-01,825.7
VIC,2025-05-01,889.5
VIC,2025-06-01,815.3
VIC,2025-07-01,807.5
VIC,2025-08-01,809.7
VIC,2025-09-01,793.9
VIC,2025-10-01,886.3
VIC,2025-11-01,835.8
VIC,2025-12-01,888.9000000000001
VIC,2026-01-01,783.0
VIC,2026-02-01,805.9000000000001
VIC,2026-03-01,900.1
VIC,2026-04-01,775.4000000000001
VIC,2026-05-01,801.2
VIC,2026-06-01,816.8
WA,2010-07-01,540.7
WA,2010-08-01,557.3
WA,2010-09-01,519.4
WA,2010-10-01,591.3
WA,2010-11-01,603.4
WA,2010-12-01,587.4
WA,2011-01-01,509.8
WA,2011-02-01,537.8
WA,2011-03-01,602.9
WA,2011-04-01,584.5
WA,2011-05-01,620.2
WA,2011-06-01,625.0
WA,2011-07-01,595.0
WA,2011-08-01,620.8
WA,2011-09-01,635.5
WA,2011-10-01,627.4
WA,2011-11-01,655.1
WA,2011-12-01,646.9
WA,2012-01-01,567.9
WA,2012-02-01,628.2
WA,2012-03-01,640.5
WA,2012-04-01,615.4
WA,2012-05-01,689.6
WA,2012-06-01,627.1
WA,2012-07-01,633.1
WA,2012-08-01,671.3
WA,2012-09-01,633.8
WA,2012-10-01,694.7
WA,2012-11-01,709.3
WA,2012-12-01,670.7
WA,2013-01-01,656.3
WA,2013-02-01,646.5
WA,2013-03-01,676.4
WA,2013-04-01,720.0
WA,2013-05-01,741.4000000000001
WA,2013-06-01,661.4
WA,2013-07-01,689.0999999999999
WA,2013-08-01,689.0
WA,2013-09-01,651.4
WA,2013-10-01,717.5
WA,2013-11-01,731.5
WA,2013-12-01,691.0999999999999
WA,2014-01-01,663.7
WA,2014-02-01,659.8
WA,2014-03-01,714.7
WA,2014-04-01,722.9000000000001
WA,2014-05-01,763.5999999999999
WA,2014-06-01,726.4
WA,2014-07-01,671.3
WA,2014-08-01,683.2
WA,2014-09-01,655.2
WA,2014-10-01,719.7
WA,2014-11-01,702.9
WA,2014-12-01,690.7
WA,2015-01-01,659.4
WA,2015-02-01,631.6
WA,2015-03-01,667.1
WA,2015-04-01,707.4000000000001
WA,2015-05-01,729.6
WA,2015-06-01,671.4
WA,2015-07-01,709.4
WA,2015-08-01,687.5999999999999
WA,2015-09-01,660.0
WA,2015-10-01,729.5
WA,2015-11-01,726.9000000000001
WA,2015-12-01,711.3
WA,2016-01-01,662.4
WA,2016-02-01,636.4
WA,2016-03-01,684.7
WA,2016-04-01,696.9000000000001
WA,2016-05-01,690.5999999999999
WA,2016-06-01,668.5999999999999
WA,2016-07-01,657.3
WA,2016-08-01,632.3
WA,2016-09-01,713.4
WA,2016-10-01,705.0999999999999
WA,2016-11-01,731.5
WA,2016-12-01,720.8
WA,2017-01-01,677.5
WA,2017-02-01,662.0999999999999
WA,2017-03-01,765.8
WA,2017-04-01,670.9000000000001
WA,2017-05-01,783.3
WA,2017-06-01,736.5999999999999
WA,2017-07-01,679.3
WA,2017-08-01,719.5
WA,2017-09-01,686.7
WA,2017-10-01,679.3
WA,2017-11-01,797.0
WA,2017-12-01,707.9
WA,2018-01-01,631.2
WA,2018-02-01,660.9000000000001
WA,2018-03-01,724.9
WA,2018-04-01,681.6
WA,2018-05-01,751.7
WA,2018-06-01,752.1
WA,2018-07-01,658.1
WA,2018-08-01,706.4
WA,2018-09-01,664.1
WA,2018-10-01,733.9
WA,2018-11-01,735.0
WA,2018-12-01,711.9
WA,2019-01-01,678.2
WA,2019-02-01,648.6
WA,2019-03-01,692.9000000000001
WA,2019-04-01,725.4
WA,2019-05-01,783.2
WA,2019-06-01,720.2
WA,2019-07-01,701.7
WA,2019-08-01,739.5
WA,2019-09-01,718.5
WA,2019-10-01,746.1
WA,2019-11-01,775.3000000000001
WA,2019-12-01,718.5
WA,2020-01-01,671.7
WA,2020-02-01,687.5
WA,2020-03-01,779.3
WA,2020-04-01,614.8000000000001
WA,2020-05-01,731.6
WA,2020-06-01,743.1
WA,2020-07-01,716.2
WA,2020-08-01,729.2
WA,2020-09-01,751.5
WA,2020-10-01,781.0
WA,2020-11-01,790.4
WA,2020-12-01,720.4
WA,2021-01-01,736.2
WA,2021-02-01,671.0
WA,2021-03-01,788.1
WA,2021-04-01,771.3
WA,2021-05-01,828.2
WA,2021-06-01,785.9
WA,2021-07-01,775.8
WA,2021-08-01,824.8
WA,2021-09-01,775.2
WA,2021-10-01,812.0999999999999
WA,2021-11-01,832.4000000000001
WA,2021-12-01,821.7
WA,2022-01-01,737.8000000000001
WA,2022-02-01,729.8
WA,2022-03-01,789.8
WA,2022-04-01,745.9000000000001
WA,2022-05-01,785.5
WA,2022-06-01,767.9000000000001
WA,2022-07-01,755.9
WA,2022-08-01,787.5
WA,2022-09-01,790.0
WA,2022-10-01,775.4000000000001
WA,2022-11-01,859.5999999999999
WA,2022-12-01,837.8
WA,2023-01-01,767.4
WA,2023-02-01,748.3
WA,2023-03-01,831.0
WA,2023-04-01,809.0
WA,2023-05-01,848.1
WA,2023-06-01,808.6
WA,2023-07-01,779.5999999999999
WA,2023-08-01,808.3
WA,2023-09-01,769.7
WA,2023-10-01,849.4
WA,2023-11-01,879.6
WA,2023-12-01,822.4
WA,2024-01-01,797.9
WA,2024-02-01,794.0999999999999
WA,2024-03-01,805.1
WA,2024-04-01,826.4
WA,2024-05-01,884.3
WA,2024-06-01,775.0
WA,2024-07-01,828.9000000000001
WA,2024-08-01,821.9000000000001
WA,2024-09-01,812.9000000000001
WA,2024-10-01,881.0
WA,2024-11-01,862.7
WA,2024-12-01,849.7
WA,2025-01-01,728.6999999999999
WA,2025-02-01,732.0
WA,2025-03-01,822.4
WA,2025-04-01,831.5999999999999
WA,2025-05-01,835.0
WA,2025-06-01,813.2
WA,2025-07-01,812.1
WA,2025-08-01,810.4000000000001
WA,2025-09-01,783.0
WA,2025-10-01,903.8
WA,2025-11-01,824.2
WA,2025-12-01,851.6
WA,2026-01-01,815.5
WA,2026-02-01,769.4000000000001
WA,2026-03-01,870.9
WA,2026-04-01,803.4
WA,2026-05-01,847.7
WA,2026-06-01,818.9000000000001
