station_id,timestamp,vehicle_count,hour,day_of_week
NSW-STN-001,2026-08-01 00:00:00,48,0,Saturday
NSW-STN-001,2026-08-01 01:00:00,64,1,Saturday
NSW-STN-001,2026-08-01 02:00:00,81,2,Saturday
NSW-STN-001,2026-08-01 03:00:00,71,3,Saturday
NSW-STN-001,2026-08-01 04:00:00,59,4,Saturday
NSW-STN-001,2026-08-01 05:00:00,51,5,Saturday
NSW-STN-001,2026-08-01 06:00:00,60,6,Saturday
NSW-STN-001,2026-08-01 07:00:00,276,7,Saturday
NSW-STN-001,2026-08-01 08:00:00,250,8,Saturday
NSW-STN-001,2026-08-01 09:00:00,245,9,Saturday
NSW-STN-001,2026-08-01 10:00:00,335,10,Saturday
NSW-STN-001,2026-08-01 11:00:00,397,11,Saturday
NSW-STN-001,2026-08-01 12:00:00,210,12,Saturday
NSW-STN-001,2026-08-01 13:00:00,421,13,Saturday
NSW-STN-001,2026-08-01 14:00:00,279,14,Saturday
NSW-STN-001,2026-08-01 15:00:00,273,15,Saturday
NSW-STN-001,2026-08-01 16:00:00,336,16,Saturday
NSW-STN-001,2026-08-01 17:00:00,327,17,Saturday
NSW-STN-001,2026-08-01 18:00:00,315,18,Saturday
NSW-STN-001,2026-08-01 19:00:00,330,19,Saturday
NSW-STN-001,2026-08-01 20:00:00,60,20,Saturday
NSW-STN-001,2026-08-01 21:00:00,55,21,Saturday
NSW-STN-001,2026-08-01 22:00:00,76,22,Saturday
NSW-STN-001,2026-08-01 23:00:00,54,23,Saturday
NSW-STN-001,2026-08-02 00:00:00,44,0,Sunday
NSW-STN-001,2026-08-02 01:00:00,63,1,Sunday
NSW-STN-001,2026-08-02 02:00:00,44,2,Sunday
NSW-STN-001,2026-08-02 03:00:00,51,3,Sunday
NSW-STN-001,2026-08-02 04:00:00,72,4,Sunday
NSW-STN-001,2026-08-02 05:00:00,48,5,Sunday
NSW-STN-001,2026-08-02 06:00:00,70,6,Sunday
NSW-STN-001,2026-08-02 07:00:00,295,7,Sunday
NSW-STN-001,2026-08-02 08:00:00,351,8,Sunday
NSW-STN-001,2026-08-02 09:00:00,290,9,Sunday
NSW-STN-001,2026-08-02 10:00:00,237,10,Sunday
NSW-STN-001,2026-08-02 11:00:00,324,11,Sunday
NSW-STN-001,2026-08-02 12:00:00,227,12,Sunday
NSW-STN-001,2026-08-02 13:00:00,221,13,Sunday
NSW-STN-001,2026-08-02 14:00:00,253,14,Sunday
NSW-STN-001,2026-08-02 15:00:00,269,15,Sunday
NSW-STN-001,2026-08-02 16:00:00,359,16,Sunday
NSW-STN-001,2026-08-02 17:00:00,330,17,Sunday
NSW-STN-001,2026-08-02 18:00:00,355,18,Sunday
NSW-STN-001,2026-08-02 19:00:00,313,19,Sunday
NSW-STN-001,2026-08-02 20:00:00,56,20,Sunday
NSW-STN-001,2026-08-02 21:00:00,76,21,Sunday
NSW-STN-001,2026-08-02 22:00:00,65,22,Sunday
NSW-STN-001,2026-08-02 23:00:00,59,23,Sunday
NSW-STN-001,2026-08-03 00:00:00,50,0,Monday
NSW-STN-001,2026-08-03 01:00:00,53,1,Monday
NSW-STN-001,2026-08-03 02:00:00,33,2,Monday
NSW-STN-001,2026-08-03 03:00:00,45,3,Monday
NSW-STN-001,2026-08-03 04:00:00,59,4,Monday
NSW-STN-001,2026-08-03 05:00:00,56,5,Monday
NSW-STN-001,2026-08-03 06:00:00,73,6,Monday
NSW-STN-001,2026-08-03 07:00:00,257,7,Monday
NSW-STN-001,2026-08-03 08:00:00,330,8,Monday
NSW-STN-001,2026-08-03 09:00:00,375,9,Monday
NSW-STN-001,2026-08-03 10:00:00,149,10,Monday
NSW-STN-001,2026-08-03 11:00:00,298,11,Monday
NSW-STN-001,2026-08-03 12:00:00,195,12,Monday
NSW-STN-001,2026-08-03 13:00:00,333,13,Monday
NSW-STN-001,2026-08-03 14:00:00,388,14,Monday
NSW-STN-001,2026-08-03 15:00:00,154,15,Monday
NSW-STN-001,2026-08-03 16:00:00,374,16,Monday
NSW-STN-001,2026-08-03 17:00:00,343,17,Monday
NSW-STN-001,2026-08-03 18:00:00,391,18,Monday
NSW-STN-001,2026-08-03 19:00:00,322,19,Monday
NSW-STN-001,2026-08-03 20:00:00,74,20,Monday
NSW-STN-001,2026-08-03 21:00:00,59,21,Monday
NSW-STN-001,2026-08-03 22:00:00,51,22,Monday
NSW-STN-001,2026-08-03 23:00:00,52,23,Monday
NSW-STN-001,2026-08-04 00:00:00,70,0,Tuesday
NSW-STN-001,2026-08-04 01:00:00,54,1,Tuesday
NSW-STN-001,2026-08-04 02:00:00,62,2,Tuesday
NSW-STN-001,2026-08-04 03:00:00,42,3,Tuesday
NSW-STN-001,2026-08-04 04:00:00,76,4,Tuesday
NSW-STN-001,2026-08-04 05:00:00,65,5,Tuesday
NSW-STN-001,2026-08-04 06:00:00,54,6,Tuesday
NSW-STN-001,2026-08-04 07:00:00,346,7,Tuesday
NSW-STN-001,2026-08-04 08:00:00,244,8,Tuesday
NSW-STN-001,2026-08-04 09:00:00,278,9,Tuesday
NSW-STN-001,2026-08-04 10:00:00,298,10,Tuesday
NSW-STN-001,2026-08-04 11:00:00,417,11,Tuesday
NSW-STN-001,2026-08-04 12:00:00,379,12,Tuesday
NSW-STN-001,2026-08-04 13:00:00,281,13,Tuesday
NSW-STN-001,2026-08-04 14:00:00,314,14,Tuesday
NSW-STN-001,2026-08-04 15:00:00,320,15,Tuesday
NSW-STN-001,2026-08-04 16:00:00,230,16,Tuesday
NSW-STN-001,2026-08-04 17:00:00,185,17,Tuesday
NSW-STN-001,2026-08-04 18:00:00,267,18,Tuesday
NSW-STN-001,2026-08-04 19:00:00,381,19,Tuesday
NSW-STN-001,2026-08-04 20:00:00,56,20,Tuesday
NSW-STN-001,2026-08-04 21:00:00,54,21,Tuesday
NSW-STN-001,2026-08-04 22:00:00,58,22,Tuesday
NSW-STN-001,2026-08-04 23:00:00,55,23,Tuesday
NSW-STN-001,2026-08-05 00:00:00,43,0,Wednesday
NSW-STN-001,2026-08-05 01:00:00,53,1,Wednesday
NSW-STN-001,2026-08-05 02:00:00,57,2,Wednesday
NSW-STN-001,2026-08-05 03:00:00,65,3,Wednesday
NSW-STN-001,2026-08-05 04:00:00,51,4,Wednesday
NSW-STN-001,2026-08-05 05:00:00,32,5,Wednesday
NSW-STN-001,2026-08-05 06:00:00,86,6,Wednesday
NSW-STN-001,2026-08-05 07:00:00,297,7,Wednesday
NSW-STN-001,2026-08-05 08:00:00,374,8,Wednesday
NSW-STN-001,2026-08-05 09:00:00,349,9,Wednesday
NSW-STN-001,2026-08-05 10:00:00,288,10,Wednesday
NSW-STN-001,2026-08-05 11:00:00,299,11,Wednesday
NSW-STN-001,2026-08-05 12:00:00,246,12,Wednesday
NSW-STN-001,2026-08-05 13:00:00,437,13,Wednesday
NSW-STN-001,2026-08-05 14:00:00,244,14,Wednesday
NSW-STN-001,2026-08-05 15:00:00,385,15,Wednesday
NSW-STN-001,2026-08-05 16:00:00,398,16,Wednesday
NSW-STN-001,2026-08-05 17:00:00,558,17,Wednesday
NSW-STN-001,2026-08-05 18:00:00,328,18,Wednesday
NSW-STN-001,2026-08-05 19:00:00,341,19,Wednesday
NSW-STN-001,2026-08-05 20:00:00,63,20,Wednesday
NSW-STN-001,2026-08-05 21:00:00,46,21,Wednesday
NSW-STN-001,2026-08-05 22:00:00,40,22,Wednesday
NSW-STN-001,2026-08-05 23:00:00,55,23,Wednesday
NSW-STN-001,2026-08-06 00:00:00,42,0,Thursday
NSW-STN-001,2026-08-06 01:00:00,57,1,Thursday
NSW-STN-001,2026-08-06 02:00:00,71,2,Thursday
NSW-STN-001,2026-08-06 03:00:00,48,3,Thursday
NSW-STN-001,2026-08-06 04:00:00,54,4,Thursday
NSW-STN-001,2026-08-06 05:00:00,56,5,Thursday
NSW-STN-001,2026-08-06 06:00:00,67,6,Thursday
NSW-STN-001,2026-08-06 07:00:00,383,7,Thursday
NSW-STN-001,2026-08-06 08:00:00,208,8,Thursday
NSW-STN-001,2026-08-06 09:00:00,208,9,Thursday
NSW-STN-001,2026-08-06 10:00:00,296,10,Thursday
NSW-STN-001,2026-08-06 11:00:00,282,11,Thursday
NSW-STN-001,2026-08-06 12:00:00,237,12,Thursday
NSW-STN-001,2026-08-06 13:00:00,372,13,Thursday
NSW-STN-001,2026-08-06 14:00:00,380,14,Thursday
NSW-STN-001,2026-08-06 15:00:00,284,15,Thursday
NSW-STN-001,2026-08-06 16:00:00,301,16,Thursday
NSW-STN-001,2026-08-06 17:00:00,195,17,Thursday
NSW-STN-001,2026-08-06 18:00:00,304,18,Thursday
NSW-STN-001,2026-08-06 19:00:00,344,19,Thursday
NSW-STN-001,2026-08-06 20:00:00,80,20,Thursday
NSW-STN-001,2026-08-06 21:00:00,55,21,Thursday
NSW-STN-001,2026-08-06 22:00:00,66,22,Thursday
NSW-STN-001,2026-08-06 23:00:00,55,23,Thursday
NSW-STN-001,2026-08-07 00:00:00,53,0,Friday
NSW-STN-002,2026-08-01 00:00:00,45,0,Saturday
NSW-STN-002,2026-08-01 01:00:00,40,1,Saturday
NSW-STN-002,2026-08-01 02:00:00,67,2,Saturday
NSW-STN-002,2026-08-01 03:00:00,62,3,Saturday
NSW-STN-002,2026-08-01 04:00:00,46,4,Saturday
NSW-STN-002,2026-08-01 05:00:00,53,5,Saturday
NSW-STN-002,2026-08-01 06:00:00,63,6,Saturday
NSW-STN-002,2026-08-01 07:00:00,325,7,Saturday
NSW-STN-002,2026-08-01 08:00:00,377,8,Saturday
NSW-STN-002,2026-08-01 09:00:00,313,9,Saturday
NSW-STN-002,2026-08-01 10:00:00,285,10,Saturday
NSW-STN-002,2026-08-01 11:00:00,242,11,Saturday
NSW-STN-002,2026-08-01 12:00:00,307,12,Saturday
NSW-STN-002,2026-08-01 13:00:00,386,13,Saturday
NSW-STN-002,2026-08-01 14:00:00,262,14,Saturday
NSW-STN-002,2026-08-01 15:00:00,269,15,Saturday
NSW-STN-002,2026-08-01 16:00:00,296,16,Saturday
NSW-STN-002,2026-08-01 17:00:00,330,17,Saturday
NSW-STN-002,2026-08-01 18:00:00,317,18,Saturday
NSW-STN-002,2026-08-01 19:00:00,231,19,Saturday
NSW-STN-002,2026-08-01 20:00:00,64,20,Saturday
NSW-STN-002,2026-08-01 21:00:00,62,21,Saturday
NSW-STN-002,2026-08-01 22:00:00,55,22,Saturday
NSW-STN-002,2026-08-01 23:00:00,78,23,Saturday
NSW-STN-002,2026-08-02 00:00:00,48,0,Sunday
NSW-STN-002,2026-08-02 01:00:00,80,1,Sunday
NSW-STN-002,2026-08-02 02:00:00,41,2,Sunday
NSW-STN-002,2026-08-02 03:00:00,49,3,Sunday
NSW-STN-002,2026-08-02 04:00:00,66,4,Sunday
NSW-STN-002,2026-08-02 05:00:00,51,5,Sunday
NSW-STN-002,2026-08-02 06:00:00,68,6,Sunday
NSW-STN-002,2026-08-02 07:00:00,337,7,Sunday
NSW-STN-002,2026-08-02 08:00:00,320,8,Sunday
NSW-STN-002,2026-08-02 09:00:00,288,9,Sunday
NSW-STN-002,2026-08-02 10:00:00,324,10,Sunday
NSW-STN-002,2026-08-02 11:00:00,288,11,Sunday
NSW-STN-002,2026-08-02 12:00:00,247,12,Sunday
NSW-STN-002,2026-08-02 13:00:00,310,13,Sunday
NSW-STN-002,2026-08-02 14:00:00,313,14,Sunday
NSW-STN-002,2026-08-02 15:00:00,358,15,Sunday
NSW-STN-002,2026-08-02 16:00:00,266,16,Sunday
NSW-STN-002,2026-08-02 17:00:00,349,17,Sunday
NSW-STN-002,2026-08-02 18:00:00,211,18,Sunday
NSW-STN-002,2026-08-02 19:00:00,218,19,Sunday
NSW-STN-002,2026-08-02 20:00:00,63,20,Sunday
NSW-STN-002,2026-08-02 21:00:00,61,21,Sunday
NSW-STN-002,2026-08-02 22:00:00,58,22,Sunday
NSW-STN-002,2026-08-02 23:00:00,61,23,Sunday
NSW-STN-002,2026-08-03 00:00:00,66,0,Monday
NSW-STN-002,2026-08-03 01:00:00,75,1,Monday
NSW-STN-002,2026-08-03 02:00:00,53,2,Monday
NSW-STN-002,2026-08-03 03:00:00,41,3,Monday
NSW-STN-002,2026-08-03 04:00:00,69,4,Monday
NSW-STN-002,2026-08-03 05:00:00,60,5,Monday
NSW-STN-002,2026-08-03 06:00:00,66,6,Monday
NSW-STN-002,2026-08-03 07:00:00,306,7,Monday
NSW-STN-002,2026-08-03 08:00:00,385,8,Monday
NSW-STN-002,2026-08-03 09:00:00,284,9,Monday
NSW-STN-002,2026-08-03 10:00:00,284,10,Monday
NSW-STN-002,2026-08-03 11:00:00,336,11,Monday
NSW-STN-002,2026-08-03 12:00:00,239,12,Monday
NSW-STN-002,2026-08-03 13:00:00,217,13,Monday
NSW-STN-002,2026-08-03 14:00:00,280,14,Monday
NSW-STN-002,2026-08-03 15:00:00,214,15,Monday
NSW-STN-002,2026-08-03 16:00:00,256,16,Monday
NSW-STN-002,2026-08-03 17:00:00,299,17,Monday
NSW-STN-002,2026-08-03 18:00:00,303,18,Monday
NSW-STN-002,2026-08-03 19:00:00,253,19,Monday
NSW-STN-002,2026-08-03 20:00:00,72,20,Monday
NSW-STN-002,2026-08-03 21:00:00,66,21,Monday
NSW-STN-002,2026-08-03 22:00:00,76,22,Monday
NSW-STN-002,2026-08-03 23:00:00,48,23,Monday
NSW-STN-002,2026-08-04 00:00:00,58,0,Tuesday
NSW-STN-002,2026-08-04 01:00:00,74,1,Tuesday
NSW-STN-002,2026-08-04 02:00:00,55,2,Tuesday
NSW-STN-002,2026-08-04 03:00:00,63,3,Tuesday
NSW-STN-002,2026-08-04 04:00:00,46,4,Tuesday
NSW-STN-002,2026-08-04 05:00:00,84,5,Tuesday
NSW-STN-002,2026-08-04 06:00:00,63,6,Tuesday
NSW-STN-002,2026-08-04 07:00:00,357,7,Tuesday
NSW-STN-002,2026-08-04 08:00:00,316,8,Tuesday
NSW-STN-002,2026-08-04 09:00:00,230,9,Tuesday
NSW-STN-002,2026-08-04 10:00:00,371,10,Tuesday
NSW-STN-002,2026-08-04 11:00:00,286,11,Tuesday
NSW-STN-002,2026-08-04 12:00:00,317,12,Tuesday
NSW-STN-002,2026-08-04 13:00:00,304,13,Tuesday
NSW-STN-002,2026-08-04 14:00:00,387,14,Tuesday
NSW-STN-002,2026-08-04 15:00:00,363,15,Tuesday
NSW-STN-002,2026-08-04 16:00:00,348,16,Tuesday
NSW-STN-002,2026-08-04 17:00:00,301,17,Tuesday
NSW-STN-002,2026-08-04 18:00:00,267,18,Tuesday
NSW-STN-002,2026-08-04 19:00:00,267,19,Tuesday
NSW-STN-002,2026-08-04 20:00:00,68,20,Tuesday
NSW-STN-002,2026-08-04 21:00:00,45,21,Tuesday
NSW-STN-002,2026-08-04 22:00:00,42,22,Tuesday
NSW-STN-002,2026-08-04 23:00:00,46,23,Tuesday
NSW-STN-002,2026-08-05 00:00:00,29,0,Wednesday
NSW-STN-002,2026-08-05 01:00:00,52,1,Wednesday
NSW-STN-002,2026-08-05 02:00:00,61,2,Wednesday
NSW-STN-002,2026-08-05 03:00:00,72,3,Wednesday
NSW-STN-002,2026-08-05 04:00:00,74,4,Wednesday
NSW-STN-002,2026-08-05 05:00:00,63,5,Wednesday
NSW-STN-002,2026-08-05 06:00:00,58,6,Wednesday
NSW-STN-002,2026-08-05 07:00:00,331,7,Wednesday
NSW-STN-002,2026-08-05 08:00:00,401,8,Wednesday
NSW-STN-002,2026-08-05 09:00:00,339,9,Wednesday
NSW-STN-002,2026-08-05 10:00:00,265,10,Wednesday
NSW-STN-002,2026-08-05 11:00:00,277,11,Wednesday
NSW-STN-002,2026-08-05 12:00:00,356,12,Wednesday
NSW-STN-002,2026-08-05 13:00:00,327,13,Wednesday
NSW-STN-002,2026-08-05 14:00:00,237,14,Wednesday
NSW-STN-002,2026-08-05 15:00:00,384,15,Wednesday
NSW-STN-002,2026-08-05 16:00:00,319,16,Wednesday
NSW-STN-002,2026-08-05 17:00:00,273,17,Wednesday
NSW-STN-002,2026-08-05 18:00:00,416,18,Wednesday
NSW-STN-002,2026-08-05 19:00:00,383,19,Wednesday
NSW-STN-002,2026-08-05 20:00:00,65,20,Wednesday
NSW-STN-002,2026-08-05 21:00:00,56,21,Wednesday
NSW-STN-002,2026-08-05 22:00:00,81,22,Wednesday
NSW-STN-002,2026-08-05 23:00:00,48,23,Wednesday
NSW-STN-002,2026-08-06 00:00:00,64,0,Thursday
NSW-STN-002,2026-08-06 01:00:00,32,1,Thursday
NSW-STN-002,2026-08-06 02:00:00,71,2,Thursday
NSW-STN-002,2026-08-06 03:00:00,55,3,Thursday
NSW-STN-002,2026-08-06 04:00:00,66,4,Thursday
NSW-STN-002,2026-08-06 05:00:00,55,5,Thursday
NSW-STN-002,2026-08-06 06:00:00,49,6,Thursday
NSW-STN-002,2026-08-06 07:00:00,313,7,Thursday
NSW-STN-002,2026-08-06 08:00:00,254,8,Thursday
NSW-STN-002,2026-08-06 09:00:00,354,9,Thursday
NSW-STN-002,2026-08-06 10:00:00,331,10,Thursday
NSW-STN-002,2026-08-06 11:00:00,122,11,Thursday
NSW-STN-002,2026-08-06 12:00:00,382,12,Thursday
NSW-STN-002,2026-08-06 13:00:00,321,13,Thursday
NSW-STN-002,2026-08-06 14:00:00,345,14,Thursday
NSW-STN-002,2026-08-06 15:00:00,342,15,Thursday
NSW-STN-002,2026-08-06 16:00:00,332,16,Thursday
NSW-STN-002,2026-08-06 17:00:00,281,17,Thursday
NSW-STN-002,2026-08-06 18:00:00,362,18,Thursday
NSW-STN-002,2026-08-06 19:00:00,292,19,Thursday
NSW-STN-002,2026-08-06 20:00:00,52,20,Thursday
NSW-STN-002,2026-08-06 21:00:00,47,21,Thursday
NSW-STN-002,2026-08-06 22:00:00,64,22,Thursday
NSW-STN-002,2026-08-06 23:00:00,56,23,Thursday
NSW-STN-002,2026-08-07 00:00:00,33,0,Friday
NSW-STN-003,2026-08-01 00:00:00,50,0,Saturday
NSW-STN-003,2026-08-01 01:00:00,51,1,Saturday
NSW-STN-003,2026-08-01 02:00:00,46,2,Saturday
NSW-STN-003,2026-08-01 03:00:00,43,3,Saturday
NSW-STN-003,2026-08-01 04:00:00,76,4,Saturday
NSW-STN-003,2026-08-01 05:00:00,66,5,Saturday
NSW-STN-003,2026-08-01 06:00:00,48,6,Saturday
NSW-STN-003,2026-08-01 07:00:00,340,7,Saturday
NSW-STN-003,2026-08-01 08:00:00,299,8,Saturday
NSW-STN-003,2026-08-01 09:00:00,264,9,Saturday
NSW-STN-003,2026-08-01 10:00:00,414,10,Saturday
NSW-STN-003,2026-08-01 11:00:00,322,11,Saturday
NSW-STN-003,2026-08-01 12:00:00,271,12,Saturday
NSW-STN-003,2026-08-01 13:00:00,242,13,Saturday
NSW-STN-003,2026-08-01 14:00:00,330,14,Saturday
NSW-STN-003,2026-08-01 15:00:00,331,15,Saturday
NSW-STN-003,2026-08-01 16:00:00,265,16,Saturday
NSW-STN-003,2026-08-01 17:00:00,255,17,Saturday
NSW-STN-003,2026-08-01 18:00:00,314,18,Saturday
NSW-STN-003,2026-08-01 19:00:00,295,19,Saturday
NSW-STN-003,2026-08-01 20:00:00,67,20,Saturday
NSW-STN-003,2026-08-01 21:00:00,70,21,Saturday
NSW-STN-003,2026-08-01 22:00:00,51,22,Saturday
NSW-STN-003,2026-08-01 23:00:00,69,23,Saturday
NSW-STN-003,2026-08-02 00:00:00,65,0,Sunday
NSW-STN-003,2026-08-02 01:00:00,63,1,Sunday
NSW-STN-003,2026-08-02 02:00:00,53,2,Sunday
NSW-STN-003,2026-08-02 03:00:00,67,3,Sunday
NSW-STN-003,2026-08-02 04:00:00,54,4,Sunday
NSW-STN-003,2026-08-02 05:00:00,90,5,Sunday
NSW-STN-003,2026-08-02 06:00:00,67,6,Sunday
NSW-STN-003,2026-08-02 07:00:00,306,7,Sunday
NSW-STN-003,2026-08-02 08:00:00,168,8,Sunday
NSW-STN-003,2026-08-02 09:00:00,285,9,Sunday
NSW-STN-003,2026-08-02 10:00:00,376,10,Sunday
NSW-STN-003,2026-08-02 11:00:00,369,11,Sunday
NSW-STN-003,2026-08-02 12:00:00,288,12,Sunday
NSW-STN-003,2026-08-02 13:00:00,260,13,Sunday
NSW-STN-003,2026-08-02 14:00:00,229,14,Sunday
NSW-STN-003,2026-08-02 15:00:00,240,15,Sunday
NSW-STN-003,2026-08-02 16:00:00,340,16,Sunday
NSW-STN-003,2026-08-02 17:00:00,299,17,Sunday
NSW-STN-003,2026-08-02 18:00:00,315,18,Sunday
NSW-STN-003,2026-08-02 19:00:00,317,19,Sunday
NSW-STN-003,2026-08-02 20:00:00,68,20,Sunday
NSW-STN-003,2026-08-02 21:00:00,76,21,Sunday
NSW-STN-003,2026-08-02 22:00:00,81,22,Sunday
NSW-STN-003,2026-08-02 23:00:00,59,23,Sunday
NSW-STN-003,2026-08-03 00:00:00,94,0,Monday
NSW-STN-003,2026-08-03 01:00:00,52,1,Monday
NSW-STN-003,2026-08-03 02:00:00,50,2,Monday
NSW-STN-003,2026-08-03 03:00:00,43,3,Monday
NSW-STN-003,2026-08-03 04:00:00,50,4,Monday
NSW-STN-003,2026-08-03 05:00:00,56,5,Monday
NSW-STN-003,2026-08-03 06:00:00,57,6,Monday
NSW-STN-003,2026-08-03 07:00:00,333,7,Monday
NSW-STN-003,2026-08-03 08:00:00,276,8,Monday
NSW-STN-003,2026-08-03 09:00:00,209,9,Monday
NSW-STN-003,2026-08-03 10:00:00,326,10,Monday
NSW-STN-003,2026-08-03 11:00:00,350,11,Monday
NSW-STN-003,2026-08-03 12:00:00,328,12,Monday
NSW-STN-003,2026-08-03 13:00:00,471,13,Monday
NSW-STN-003,2026-08-03 14:00:00,311,14,Monday
NSW-STN-003,2026-08-03 15:00:00,257,15,Monday
NSW-STN-003,2026-08-03 16:00:00,243,16,Monday
NSW-STN-003,2026-08-03 17:00:00,302,17,Monday
NSW-STN-003,2026-08-03 18:00:00,239,18,Monday
NSW-STN-003,2026-08-03 19:00:00,270,19,Monday
NSW-STN-003,2026-08-03 20:00:00,66,20,Monday
NSW-STN-003,2026-08-03 21:00:00,59,21,Monday
NSW-STN-003,2026-08-03 22:00:00,63,22,Monday
NSW-STN-003,2026-08-03 23:00:00,57,23,Monday
NSW-STN-003,2026-08-04 00:00:00,44,0,Tuesday
NSW-STN-003,2026-08-04 01:00:00,71,1,Tuesday
NSW-STN-003,2026-08-04 02:00:00,47,2,Tuesday
NSW-STN-003,2026-08-04 03:00:00,61,3,Tuesday
NSW-STN-003,2026-08-04 04:00:00,46,4,Tuesday
NSW-STN-003,2026-08-04 05:00:00,68,5,Tuesday
NSW-STN-003,2026-08-04 06:00:00,67,6,Tuesday
NSW-STN-003,2026-08-04 07:00:00,337,7,Tuesday
NSW-STN-003,2026-08-04 08:00:00,360,8,Tuesday
NSW-STN-003,2026-08-04 09:00:00,330,9,Tuesday
NSW-STN-003,2026-08-04 10:00:00,268,10,Tuesday
NSW-STN-003,2026-08-04 11:00:00,296,11,Tuesday
NSW-STN-003,2026-08-04 12:00:00,336,12,Tuesday
NSW-STN-003,2026-08-04 13:00:00,233,13,Tuesday
NSW-STN-003,2026-08-04 14:00:00,212,14,Tuesday
NSW-STN-003,2026-08-04 15:00:00,246,15,Tuesday
NSW-STN-003,2026-08-04 16:00:00,348,16,Tuesday
NSW-STN-003,2026-08-04 17:00:00,351,17,Tuesday
NSW-STN-003,2026-08-04 18:00:00,376,18,Tuesday
NSW-STN-003,2026-08-04 19:00:00,216,19,Tuesday
NSW-STN-003,2026-08-04 20:00:00,49,20,Tuesday
NSW-STN-003,2026-08-04 21:00:00,58,21,Tuesday
NSW-STN-003,2026-08-04 22:00:00,74,22,Tuesday
NSW-STN-003,2026-08-04 23:00:00,83,23,Tuesday
NSW-STN-003,2026-08-05 00:00:00,64,0,Wednesday
NSW-STN-003,2026-08-05 01:00:00,88,1,Wednesday
NSW-STN-003,2026-08-05 02:00:00,50,2,Wednesday
NSW-STN-003,2026-08-05 03:00:00,58,3,Wednesday
NSW-STN-003,2026-08-05 04:00:00,66,4,Wednesday
NSW-STN-003,2026-08-05 05:00:00,63,5,Wednesday
NSW-STN-003,2026-08-05 06:00:00,69,6,Wednesday
NSW-STN-003,2026-08-05 07:00:00,286,7,Wednesday
NSW-STN-003,2026-08-05 08:00:00,241,8,Wednesday
NSW-STN-003,2026-08-05 09:00:00,241,9,Wednesday
NSW-STN-003,2026-08-05 10:00:00,371,10,Wednesday
NSW-STN-003,2026-08-05 11:00:00,347,11,Wednesday
NSW-STN-003,2026-08-05 12:00:00,233,12,Wednesday
NSW-STN-003,2026-08-05 13:00:00,256,13,Wednesday
NSW-STN-003,2026-08-05 14:00:00,339,14,Wednesday
NSW-STN-003,2026-08-05 15:00:00,373,15,Wednesday
NSW-STN-003,2026-08-05 16:00:00,344,16,Wednesday
NSW-STN-003,2026-08-05 17:00:00,268,17,Wednesday
NSW-STN-003,2026-08-05 18:00:00,315,18,Wednesday
NSW-STN-003,2026-08-05 19:00:00,291,19,Wednesday
NSW-STN-003,2026-08-05 20:00:00,63,20,Wednesday
NSW-STN-003,2026-08-05 21:00:00,56,21,Wednesday
NSW-STN-003,2026-08-05 22:00:00,79,22,Wednesday
NSW-STN-003,2026-08-05 23:00:00,53,23,Wednesday
NSW-STN-003,2026-08-06 00:00:00,59,0,Thursday
NSW-STN-003,2026-08-06 01:00:00,68,1,Thursday
NSW-STN-003,2026-08-06 02:00:00,45,2,Thursday
NSW-STN-003,2026-08-06 03:00:00,52,3,Thursday
NSW-STN-003,2026-08-06 04:00:00,84,4,Thursday
NSW-STN-003,2026-08-06 05:00:00,64,5,Thursday
NSW-STN-003,2026-08-06 06:00:00,43,6,Thursday
NSW-STN-003,2026-08-06 07:00:00,275,7,Thursday
NSW-STN-003,2026-08-06 08:00:00,285,8,Thursday
NSW-STN-003,2026-08-06 09:00:00,342,9,Thursday
NSW-STN-003,2026-08-06 10:00:00,321,10,Thursday
NSW-STN-003,2026-08-06 11:00:00,242,11,Thursday
NSW-STN-003,2026-08-06 12:00:00,212,12,Thursday
NSW-STN-003,2026-08-06 13:00:00,326,13,Thursday
NSW-STN-003,2026-08-06 14:00:00,333,14,Thursday
NSW-STN-003,2026-08-06 15:00:00,352,15,Thursday
NSW-STN-003,2026-08-06 16:00:00,246,16,Thursday
NSW-STN-003,2026-08-06 17:00:00,312,17,Thursday
NSW-STN-003,2026-08-06 18:00:00,373,18,Thursday
NSW-STN-003,2026-08-06 19:00:00,393,19,Thursday
NSW-STN-003,2026-08-06 20:00:00,44,20,Thursday
NSW-STN-003,2026-08-06 21:00:00,92,21,Thursday
NSW-STN-003,2026-08-06 22:00:00,53,22,Thursday
NSW-STN-003,2026-08-06 23:00:00,69,23,Thursday
NSW-STN-003,2026-08-07 00:00:00,60,0,Friday
NSW-STN-004,2026-08-01 00:00:00,45,0,Saturday
NSW-STN-004,2026-08-01 01:00:00,67,1,Saturday
NSW-STN-004,2026-08-01 02:00:00,65,2,Saturday
NSW-STN-004,2026-08-01 03:00:00,69,3,Saturday
NSW-STN-004,2026-08-01 04:00:00,69,4,Saturday
NSW-STN-004,2026-08-01 05:00:00,62,5,Saturday
NSW-STN-004,2026-08-01 06:00:00,62,6,Saturday
NSW-STN-004,2026-08-01 07:00:00,412,7,Saturday
NSW-STN-004,2026-08-01 08:00:00,259,8,Saturday
NSW-STN-004,2026-08-01 09:00:00,166,9,Saturday
NSW-STN-004,2026-08-01 10:00:00,375,10,Saturday
NSW-STN-004,2026-08-01 11:00:00,389,11,Saturday
NSW-STN-004,2026-08-01 12:00:00,236,12,Saturday
NSW-STN-004,2026-08-01 13:00:00,387,13,Saturday
NSW-STN-004,2026-08-01 14:00:00,261,14,Saturday
NSW-STN-004,2026-08-01 15:00:00,313,15,Saturday
NSW-STN-004,2026-08-01 16:00:00,332,16,Saturday
NSW-STN-004,2026-08-01 17:00:00,367,17,Saturday
NSW-STN-004,2026-08-01 18:00:00,298,18,Saturday
NSW-STN-004,2026-08-01 19:00:00,351,19,Saturday
NSW-STN-004,2026-08-01 20:00:00,50,20,Saturday
NSW-STN-004,2026-08-01 21:00:00,70,21,Saturday
NSW-STN-004,2026-08-01 22:00:00,66,22,Saturday
NSW-STN-004,2026-08-01 23:00:00,51,23,Saturday
NSW-STN-004,2026-08-02 00:00:00,62,0,Sunday
NSW-STN-004,2026-08-02 01:00:00,56,1,Sunday
NSW-STN-004,2026-08-02 02:00:00,58,2,Sunday
NSW-STN-004,2026-08-02 03:00:00,56,3,Sunday
NSW-STN-004,2026-08-02 04:00:00,75,4,Sunday
NSW-STN-004,2026-08-02 05:00:00,69,5,Sunday
NSW-STN-004,2026-08-02 06:00:00,45,6,Sunday
NSW-STN-004,2026-08-02 07:00:00,298,7,Sunday
NSW-STN-004,2026-08-02 08:00:00,307,8,Sunday
NSW-STN-004,2026-08-02 09:00:00,325,9,Sunday
NSW-STN-004,2026-08-02 10:00:00,320,10,Sunday
NSW-STN-004,2026-08-02 11:00:00,294,11,Sunday
NSW-STN-004,2026-08-02 12:00:00,357,12,Sunday
NSW-STN-004,2026-08-02 13:00:00,285,13,Sunday
NSW-STN-004,2026-08-02 14:00:00,310,14,Sunday
NSW-STN-004,2026-08-02 15:00:00,373,15,Sunday
NSW-STN-004,2026-08-02 16:00:00,324,16,Sunday
NSW-STN-004,2026-08-02 17:00:00,267,17,Sunday
NSW-STN-004,2026-08-02 18:00:00,337,18,Sunday
NSW-STN-004,2026-08-02 19:00:00,250,19,Sunday
NSW-STN-004,2026-08-02 20:00:00,68,20,Sunday
NSW-STN-004,2026-08-02 21:00:00,38,21,Sunday
NSW-STN-004,2026-08-02 22:00:00,53,22,Sunday
NSW-STN-004,2026-08-02 23:00:00,48,23,Sunday
NSW-STN-004,2026-08-03 00:00:00,48,0,Monday
NSW-STN-004,2026-08-03 01:00:00,63,1,Monday
NSW-STN-004,2026-08-03 02:00:00,63,2,Monday
NSW-STN-004,2026-08-03 03:00:00,35,3,Monday
NSW-STN-004,2026-08-03 04:00:00,85,4,Monday
NSW-STN-004,2026-08-03 05:00:00,49,5,Monday
NSW-STN-004,2026-08-03 06:00:00,55,6,Monday
NSW-STN-004,2026-08-03 07:00:00,350,7,Monday
NSW-STN-004,2026-08-03 08:00:00,364,8,Monday
NSW-STN-004,2026-08-03 09:00:00,285,9,Monday
NSW-STN-004,2026-08-03 10:00:00,309,10,Monday
NSW-STN-004,2026-08-03 11:00:00,392,11,Monday
NSW-STN-004,2026-08-03 12:00:00,322,12,Monday
NSW-STN-004,2026-08-03 13:00:00,324,13,Monday
NSW-STN-004,2026-08-03 14:00:00,231,14,Monday
NSW-STN-004,2026-08-03 15:00:00,375,15,Monday
NSW-STN-004,2026-08-03 16:00:00,402,16,Monday
NSW-STN-004,2026-08-03 17:00:00,388,17,Monday
NSW-STN-004,2026-08-03 18:00:00,406,18,Monday
NSW-STN-004,2026-08-03 19:00:00,274,19,Monday
NSW-STN-004,2026-08-03 20:00:00,70,20,Monday
NSW-STN-004,2026-08-03 21:00:00,42,21,Monday
NSW-STN-004,2026-08-03 22:00:00,44,22,Monday
NSW-STN-004,2026-08-03 23:00:00,48,23,Monday
NSW-STN-004,2026-08-04 00:00:00,52,0,Tuesday
NSW-STN-004,2026-08-04 01:00:00,46,1,Tuesday
NSW-STN-004,2026-08-04 02:00:00,59,2,Tuesday
NSW-STN-004,2026-08-04 03:00:00,47,3,Tuesday
NSW-STN-004,2026-08-04 04:00:00,54,4,Tuesday
NSW-STN-004,2026-08-04 05:00:00,70,5,Tuesday
NSW-STN-004,2026-08-04 06:00:00,61,6,Tuesday
NSW-STN-004,2026-08-04 07:00:00,348,7,Tuesday
NSW-STN-004,2026-08-04 08:00:00,339,8,Tuesday
NSW-STN-004,2026-08-04 09:00:00,254,9,Tuesday
NSW-STN-004,2026-08-04 10:00:00,420,10,Tuesday
NSW-STN-004,2026-08-04 11:00:00,358,11,Tuesday
NSW-STN-004,2026-08-04 12:00:00,239,12,Tuesday
NSW-STN-004,2026-08-04 13:00:00,261,13,Tuesday
NSW-STN-004,2026-08-04 14:00:00,273,14,Tuesday
NSW-STN-004,2026-08-04 15:00:00,210,15,Tuesday
NSW-STN-004,2026-08-04 16:00:00,166,16,Tuesday
NSW-STN-004,2026-08-04 17:00:00,262,17,Tuesday
NSW-STN-004,2026-08-04 18:00:00,279,18,Tuesday
NSW-STN-004,2026-08-04 19:00:00,365,19,Tuesday
NSW-STN-004,2026-08-04 20:00:00,64,20,Tuesday
NSW-STN-004,2026-08-04 21:00:00,41,21,Tuesday
NSW-STN-004,2026-08-04 22:00:00,57,22,Tuesday
NSW-STN-004,2026-08-04 23:00:00,61,23,Tuesday
NSW-STN-004,2026-08-05 00:00:00,48,0,Wednesday
NSW-STN-004,2026-08-05 01:00:00,63,1,Wednesday
NSW-STN-004,2026-08-05 02:00:00,51,2,Wednesday
NSW-STN-004,2026-08-05 03:00:00,43,3,Wednesday
NSW-STN-004,2026-08-05 04:00:00,51,4,Wednesday
NSW-STN-004,2026-08-05 05:00:00,64,5,Wednesday
NSW-STN-004,2026-08-05 06:00:00,72,6,Wednesday
NSW-STN-004,2026-08-05 07:00:00,245,7,Wednesday
NSW-STN-004,2026-08-05 08:00:00,330,8,Wednesday
NSW-STN-004,2026-08-05 09:00:00,320,9,Wednesday
NSW-STN-004,2026-08-05 10:00:00,367,10,Wednesday
NSW-STN-004,2026-08-05 11:00:00,248,11,Wednesday
NSW-STN-004,2026-08-05 12:00:00,256,12,Wednesday
NSW-STN-004,2026-08-05 13:00:00,356,13,Wednesday
NSW-STN-004,2026-08-05 14:00:00,221,14,Wednesday
NSW-STN-004,2026-08-05 15:00:00,280,15,Wednesday
NSW-STN-004,2026-08-05 16:00:00,230,16,Wednesday
NSW-STN-004,2026-08-05 17:00:00,102,17,Wednesday
NSW-STN-004,2026-08-05 18:00:00,220,18,Wednesday
NSW-STN-004,2026-08-05 19:00:00,242,19,Wednesday
NSW-STN-004,2026-08-05 20:00:00,61,20,Wednesday
NSW-STN-004,2026-08-05 21:00:00,72,21,Wednesday
NSW-STN-004,2026-08-05 22:00:00,56,22,Wednesday
NSW-STN-004,2026-08-05 23:00:00,45,23,Wednesday
NSW-STN-004,2026-08-06 00:00:00,56,0,Thursday
NSW-STN-004,2026-08-06 01:00:00,49,1,Thursday
NSW-STN-004,2026-08-06 02:00:00,38,2,Thursday
NSW-STN-004,2026-08-06 03:00:00,50,3,Thursday
NSW-STN-004,2026-08-06 04:00:00,40,4,Thursday
NSW-STN-004,2026-08-06 05:00:00,58,5,Thursday
NSW-STN-004,2026-08-06 06:00:00,73,6,Thursday
NSW-STN-004,2026-08-06 07:00:00,346,7,Thursday
NSW-STN-004,2026-08-06 08:00:00,287,8,Thursday
NSW-STN-004,2026-08-06 09:00:00,257,9,Thursday
NSW-STN-004,2026-08-06 10:00:00,436,10,Thursday
NSW-STN-004,2026-08-06 11:00:00,402,11,Thursday
NSW-STN-004,2026-08-06 12:00:00,288,12,Thursday
NSW-STN-004,2026-08-06 13:00:00,274,13,Thursday
NSW-STN-004,2026-08-06 14:00:00,211,14,Thursday
NSW-STN-004,2026-08-06 15:00:00,231,15,Thursday
NSW-STN-004,2026-08-06 16:00:00,304,16,Thursday
NSW-STN-004,2026-08-06 17:00:00,169,17,Thursday
NSW-STN-004,2026-08-06 18:00:00,248,18,Thursday
NSW-STN-004,2026-08-06 19:00:00,291,19,Thursday
NSW-STN-004,2026-08-06 20:00:00,50,20,Thursday
NSW-STN-004,2026-08-06 21:00:00,46,21,Thursday
NSW-STN-004,2026-08-06 22:00:00,53,22,Thursday
NSW-STN-004,2026-08-06 23:00:00,69,23,Thursday
NSW-STN-004,2026-08-07 00:00:00,52,0,Friday
NSW-STN-005,2026-08-01 00:00:00,48,0,Saturday
NSW-STN-005,2026-08-01 01:00:00,77,1,Saturday
NSW-STN-005,2026-08-01 02:00:00,62,2,Saturday
NSW-STN-005,2026-08-01 03:00:00,62,3,Saturday
NSW-STN-005,2026-08-01 04:00:00,64,4,Saturday
NSW-STN-005,2026-08-01 05:00:00,58,5,Saturday
NSW-STN-005,2026-08-01 06:00:00,75,6,Saturday
NSW-STN-005,2026-08-01 07:00:00,259,7,Saturday
NSW-STN-005,2026-08-01 08:00:00,299,8,Saturday
NSW-STN-005,2026-08-01 09:00:00,258,9,Saturday
NSW-STN-005,2026-08-01 10:00:00,322,10,Saturday
NSW-STN-005,2026-08-01 11:00:00,257,11,Saturday
NSW-STN-005,2026-08-01 12:00:00,255,12,Saturday
NSW-STN-005,2026-08-01 13:00:00,281,13,Saturday
NSW-STN-005,2026-08-01 14:00:00,376,14,Saturday
NSW-STN-005,2026-08-01 15:00:00,362,15,Saturday
NSW-STN-005,2026-08-01 16:00:00,301,16,Saturday
NSW-STN-005,2026-08-01 17:00:00,319,17,Saturday
NSW-STN-005,2026-08-01 18:00:00,335,18,Saturday
NSW-STN-005,2026-08-01 19:00:00,275,19,Saturday
NSW-STN-005,2026-08-01 20:00:00,60,20,Saturday
NSW-STN-005,2026-08-01 21:00:00,65,21,Saturday
NSW-STN-005,2026-08-01 22:00:00,53,22,Saturday
NSW-STN-005,2026-08-01 23:00:00,71,23,Saturday
NSW-STN-005,2026-08-02 00:00:00,57,0,Sunday
NSW-STN-005,2026-08-02 01:00:00,54,1,Sunday
NSW-STN-005,2026-08-02 02:00:00,92,2,Sunday
NSW-STN-005,2026-08-02 03:00:00,52,3,Sunday
NSW-STN-005,2026-08-02 04:00:00,69,4,Sunday
NSW-STN-005,2026-08-02 05:00:00,74,5,Sunday
NSW-STN-005,2026-08-02 06:00:00,69,6,Sunday
NSW-STN-005,2026-08-02 07:00:00,253,7,Sunday
NSW-STN-005,2026-08-02 08:00:00,241,8,Sunday
NSW-STN-005,2026-08-02 09:00:00,218,9,Sunday
NSW-STN-005,2026-08-02 10:00:00,288,10,Sunday
NSW-STN-005,2026-08-02 11:00:00,347,11,Sunday
NSW-STN-005,2026-08-02 12:00:00,395,12,Sunday
NSW-STN-005,2026-08-02 13:00:00,337,13,Sunday
NSW-STN-005,2026-08-02 14:00:00,274,14,Sunday
NSW-STN-005,2026-08-02 15:00:00,264,15,Sunday
NSW-STN-005,2026-08-02 16:00:00,291,16,Sunday
NSW-STN-005,2026-08-02 17:00:00,183,17,Sunday
NSW-STN-005,2026-08-02 18:00:00,431,18,Sunday
NSW-STN-005,2026-08-02 19:00:00,331,19,Sunday
NSW-STN-005,2026-08-02 20:00:00,40,20,Sunday
NSW-STN-005,2026-08-02 21:00:00,71,21,Sunday
NSW-STN-005,2026-08-02 22:00:00,62,22,Sunday
NSW-STN-005,2026-08-02 23:00:00,58,23,Sunday
NSW-STN-005,2026-08-03 00:00:00,70,0,Monday
NSW-STN-005,2026-08-03 01:00:00,41,1,Monday
NSW-STN-005,2026-08-03 02:00:00,67,2,Monday
NSW-STN-005,2026-08-03 03:00:00,78,3,Monday
NSW-STN-005,2026-08-03 04:00:00,66,4,Monday
NSW-STN-005,2026-08-03 05:00:00,52,5,Monday
NSW-STN-005,2026-08-03 06:00:00,69,6,Monday
NSW-STN-005,2026-08-03 07:00:00,311,7,Monday
NSW-STN-005,2026-08-03 08:00:00,189,8,Monday
NSW-STN-005,2026-08-03 09:00:00,217,9,Monday
NSW-STN-005,2026-08-03 10:00:00,266,10,Monday
NSW-STN-005,2026-08-03 11:00:00,356,11,Monday
NSW-STN-005,2026-08-03 12:00:00,253,12,Monday
NSW-STN-005,2026-08-03 13:00:00,243,13,Monday
NSW-STN-005,2026-08-03 14:00:00,324,14,Monday
NSW-STN-005,2026-08-03 15:00:00,279,15,Monday
NSW-STN-005,2026-08-03 16:00:00,252,16,Monday
NSW-STN-005,2026-08-03 17:00:00,298,17,Monday
NSW-STN-005,2026-08-03 18:00:00,319,18,Monday
NSW-STN-005,2026-08-03 19:00:00,249,19,Monday
NSW-STN-005,2026-08-03 20:00:00,57,20,Monday
NSW-STN-005,2026-08-03 21:00:00,42,21,Monday
NSW-STN-005,2026-08-03 22:00:00,59,22,Monday
NSW-STN-005,2026-08-03 23:00:00,58,23,Monday
NSW-STN-005,2026-08-04 00:00:00,54,0,Tuesday
NSW-STN-005,2026-08-04 01:00:00,68,1,Tuesday
NSW-STN-005,2026-08-04 02:00:00,56,2,Tuesday
NSW-STN-005,2026-08-04 03:00:00,53,3,Tuesday
NSW-STN-005,2026-08-04 04:00:00,46,4,Tuesday
NSW-STN-005,2026-08-04 05:00:00,49,5,Tuesday
NSW-STN-005,2026-08-04 06:00:00,49,6,Tuesday
NSW-STN-005,2026-08-04 07:00:00,335,7,Tuesday
NSW-STN-005,2026-08-04 08:00:00,271,8,Tuesday
NSW-STN-005,2026-08-04 09:00:00,353,9,Tuesday
NSW-STN-005,2026-08-04 10:00:00,440,10,Tuesday
NSW-STN-005,2026-08-04 11:00:00,395,11,Tuesday
NSW-STN-005,2026-08-04 12:00:00,160,12,Tuesday
NSW-STN-005,2026-08-04 13:00:00,319,13,Tuesday
NSW-STN-005,2026-08-04 14:00:00,358,14,Tuesday
NSW-STN-005,2026-08-04 15:00:00,302,15,Tuesday
NSW-STN-005,2026-08-04 16:00:00,255,16,Tuesday
NSW-STN-005,2026-08-04 17:00:00,315,17,Tuesday
NSW-STN-005,2026-08-04 18:00:00,261,18,Tuesday
NSW-STN-005,2026-08-04 19:00:00,369,19,Tuesday
NSW-STN-005,2026-08-04 20:00:00,51,20,Tuesday
NSW-STN-005,2026-08-04 21:00:00,55,21,Tuesday
NSW-STN-005,2026-08-04 22:00:00,54,22,Tuesday
NSW-STN-005,2026-08-04 23:00:00,66,23,Tuesday
NSW-STN-005,2026-08-05 00:00:00,53,0,Wednesday
NSW-STN-005,2026-08-05 01:00:00,48,1,Wednesday
NSW-STN-005,2026-08-05 02:00:00,69,2,Wednesday
NSW-STN-005,2026-08-05 03:00:00,75,3,Wednesday
NSW-STN-005,2026-08-05 04:00:00,82,4,Wednesday
NSW-STN-005,2026-08-05 05:00:00,48,5,Wednesday
NSW-STN-005,2026-08-05 06:00:00,62,6,Wednesday
NSW-STN-005,2026-08-05 07:00:00,208,7,Wednesday
NSW-STN-005,2026-08-05 08:00:00,208,8,Wednesday
NSW-STN-005,2026-08-05 09:00:00,190,9,Wednesday
NSW-STN-005,2026-08-05 10:00:00,271,10,Wednesday
NSW-STN-005,2026-08-05 11:00:00,331,11,Wednesday
NSW-STN-005,2026-08-05 12:00:00,365,12,Wednesday
NSW-STN-005,2026-08-05 13:00:00,281,13,Wednesday
NSW-STN-005,2026-08-05 14:00:00,127,14,Wednesday
NSW-STN-005,2026-08-05 15:00:00,350,15,Wednesday
NSW-STN-005,2026-08-05 16:00:00,234,16,Wednesday
NSW-STN-005,2026-08-05 17:00:00,366,17,Wednesday
NSW-STN-005,2026-08-05 18:00:00,386,18,Wednesday
NSW-STN-005,2026-08-05 19:00:00,247,19,Wednesday
NSW-STN-005,2026-08-05 20:00:00,67,20,Wednesday
NSW-STN-005,2026-08-05 21:00:00,38,21,Wednesday
NSW-STN-005,2026-08-05 22:00:00,61,22,Wednesday
NSW-STN-005,2026-08-05 23:00:00,41,23,Wednesday
NSW-STN-005,2026-08-06 00:00:00,42,0,Thursday
NSW-STN-005,2026-08-06 01:00:00,48,1,Thursday
NSW-STN-005,2026-08-06 02:00:00,45,2,Thursday
NSW-STN-005,2026-08-06 03:00:00,57,3,Thursday
NSW-STN-005,2026-08-06 04:00:00,42,4,Thursday
NSW-STN-005,2026-08-06 05:00:00,80,5,Thursday
NSW-STN-005,2026-08-06 06:00:00,77,6,Thursday
NSW-STN-005,2026-08-06 07:00:00,373,7,Thursday
NSW-STN-005,2026-08-06 08:00:00,333,8,Thursday
NSW-STN-005,2026-08-06 09:00:00,276,9,Thursday
NSW-STN-005,2026-08-06 10:00:00,264,10,Thursday
NSW-STN-005,2026-08-06 11:00:00,291,11,Thursday
NSW-STN-005,2026-08-06 12:00:00,339,12,Thursday
NSW-STN-005,2026-08-06 13:00:00,248,13,Thursday
NSW-STN-005,2026-08-06 14:00:00,259,14,Thursday
NSW-STN-005,2026-08-06 15:00:00,213,15,Thursday
NSW-STN-005,2026-08-06 16:00:00,171,16,Thursday
NSW-STN-005,2026-08-06 17:00:00,309,17,Thursday
NSW-STN-005,2026-08-06 18:00:00,280,18,Thursday
NSW-STN-005,2026-08-06 19:00:00,306,19,Thursday
NSW-STN-005,2026-08-06 20:00:00,68,20,Thursday
NSW-STN-005,2026-08-06 21:00:00,69,21,Thursday
NSW-STN-005,2026-08-06 22:00:00,45,22,Thursday
NSW-STN-005,2026-08-06 23:00:00,53,23,Thursday
NSW-STN-005,2026-08-07 00:00:00,55,0,Friday
NSW-STN-006,2026-08-01 00:00:00,50,0,Saturday
NSW-STN-006,2026-08-01 01:00:00,69,1,Saturday
NSW-STN-006,2026-08-01 02:00:00,61,2,Saturday
NSW-STN-006,2026-08-01 03:00:00,68,3,Saturday
NSW-STN-006,2026-08-01 04:00:00,60,4,Saturday
NSW-STN-006,2026-08-01 05:00:00,71,5,Saturday
NSW-STN-006,2026-08-01 06:00:00,65,6,Saturday
NSW-STN-006,2026-08-01 07:00:00,277,7,Saturday
NSW-STN-006,2026-08-01 08:00:00,228,8,Saturday
NSW-STN-006,2026-08-01 09:00:00,418,9,Saturday
NSW-STN-006,2026-08-01 10:00:00,347,10,Saturday
NSW-STN-006,2026-08-01 11:00:00,367,11,Saturday
NSW-STN-006,2026-08-01 12:00:00,294,12,Saturday
NSW-STN-006,2026-08-01 13:00:00,291,13,Saturday
NSW-STN-006,2026-08-01 14:00:00,336,14,Saturday
NSW-STN-006,2026-08-01 15:00:00,356,15,Saturday
NSW-STN-006,2026-08-01 16:00:00,364,16,Saturday
NSW-STN-006,2026-08-01 17:00:00,279,17,Saturday
NSW-STN-006,2026-08-01 18:00:00,146,18,Saturday
NSW-STN-006,2026-08-01 19:00:00,210,19,Saturday
NSW-STN-006,2026-08-01 20:00:00,77,20,Saturday
NSW-STN-006,2026-08-01 21:00:00,34,21,Saturday
NSW-STN-006,2026-08-01 22:00:00,68,22,Saturday
NSW-STN-006,2026-08-01 23:00:00,56,23,Saturday
NSW-STN-006,2026-08-02 00:00:00,63,0,Sunday
NSW-STN-006,2026-08-02 01:00:00,83,1,Sunday
NSW-STN-006,2026-08-02 02:00:00,54,2,Sunday
NSW-STN-006,2026-08-02 03:00:00,75,3,Sunday
NSW-STN-006,2026-08-02 04:00:00,77,4,Sunday
NSW-STN-006,2026-08-02 05:00:00,87,5,Sunday
NSW-STN-006,2026-08-02 06:00:00,85,6,Sunday
NSW-STN-006,2026-08-02 07:00:00,275,7,Sunday
NSW-STN-006,2026-08-02 08:00:00,319,8,Sunday
NSW-STN-006,2026-08-02 09:00:00,412,9,Sunday
NSW-STN-006,2026-08-02 10:00:00,284,10,Sunday
NSW-STN-006,2026-08-02 11:00:00,306,11,Sunday
NSW-STN-006,2026-08-02 12:00:00,133,12,Sunday
NSW-STN-006,2026-08-02 13:00:00,206,13,Sunday
NSW-STN-006,2026-08-02 14:00:00,322,14,Sunday
NSW-STN-006,2026-08-02 15:00:00,247,15,Sunday
NSW-STN-006,2026-08-02 16:00:00,326,16,Sunday
NSW-STN-006,2026-08-02 17:00:00,308,17,Sunday
NSW-STN-006,2026-08-02 18:00:00,366,18,Sunday
NSW-STN-006,2026-08-02 19:00:00,321,19,Sunday
NSW-STN-006,2026-08-02 20:00:00,66,20,Sunday
NSW-STN-006,2026-08-02 21:00:00,74,21,Sunday
NSW-STN-006,2026-08-02 22:00:00,45,22,Sunday
NSW-STN-006,2026-08-02 23:00:00,77,23,Sunday
NSW-STN-006,2026-08-03 00:00:00,63,0,Monday
NSW-STN-006,2026-08-03 01:00:00,38,1,Monday
NSW-STN-006,2026-08-03 02:00:00,41,2,Monday
NSW-STN-006,2026-08-03 03:00:00,66,3,Monday
NSW-STN-006,2026-08-03 04:00:00,54,4,Monday
NSW-STN-006,2026-08-03 05:00:00,74,5,Monday
NSW-STN-006,2026-08-03 06:00:00,66,6,Monday
NSW-STN-006,2026-08-03 07:00:00,215,7,Monday
NSW-STN-006,2026-08-03 08:00:00,329,8,Monday
NSW-STN-006,2026-08-03 09:00:00,331,9,Monday
NSW-STN-006,2026-08-03 10:00:00,267,10,Monday
NSW-STN-006,2026-08-03 11:00:00,362,11,Monday
NSW-STN-006,2026-08-03 12:00:00,317,12,Monday
NSW-STN-006,2026-08-03 13:00:00,202,13,Monday
NSW-STN-006,2026-08-03 14:00:00,275,14,Monday
NSW-STN-006,2026-08-03 15:00:00,305,15,Monday
NSW-STN-006,2026-08-03 16:00:00,267,16,Monday
NSW-STN-006,2026-08-03 17:00:00,343,17,Monday
NSW-STN-006,2026-08-03 18:00:00,298,18,Monday
NSW-STN-006,2026-08-03 19:00:00,368,19,Monday
NSW-STN-006,2026-08-03 20:00:00,52,20,Monday
NSW-STN-006,2026-08-03 21:00:00,41,21,Monday
NSW-STN-006,2026-08-03 22:00:00,50,22,Monday
NSW-STN-006,2026-08-03 23:00:00,63,23,Monday
NSW-STN-006,2026-08-04 00:00:00,51,0,Tuesday
NSW-STN-006,2026-08-04 01:00:00,84,1,Tuesday
NSW-STN-006,2026-08-04 02:00:00,35,2,Tuesday
NSW-STN-006,2026-08-04 03:00:00,47,3,Tuesday
NSW-STN-006,2026-08-04 04:00:00,58,4,Tuesday
NSW-STN-006,2026-08-04 05:00:00,57,5,Tuesday
NSW-STN-006,2026-08-04 06:00:00,75,6,Tuesday
NSW-STN-006,2026-08-04 07:00:00,217,7,Tuesday
NSW-STN-006,2026-08-04 08:00:00,246,8,Tuesday
NSW-STN-006,2026-08-04 09:00:00,340,9,Tuesday
NSW-STN-006,2026-08-04 10:00:00,380,10,Tuesday
NSW-STN-006,2026-08-04 11:00:00,282,11,Tuesday
NSW-STN-006,2026-08-04 12:00:00,293,12,Tuesday
NSW-STN-006,2026-08-04 13:00:00,251,13,Tuesday
NSW-STN-006,2026-08-04 14:00:00,371,14,Tuesday
NSW-STN-006,2026-08-04 15:00:00,246,15,Tuesday
NSW-STN-006,2026-08-04 16:00:00,349,16,Tuesday
NSW-STN-006,2026-08-04 17:00:00,279,17,Tuesday
NSW-STN-006,2026-08-04 18:00:00,242,18,Tuesday
NSW-STN-006,2026-08-04 19:00:00,288,19,Tuesday
NSW-STN-006,2026-08-04 20:00:00,67,20,Tuesday
NSW-STN-006,2026-08-04 21:00:00,51,21,Tuesday
NSW-STN-006,2026-08-04 22:00:00,57,22,Tuesday
NSW-STN-006,2026-08-04 23:00:00,63,23,Tuesday
NSW-STN-006,2026-08-05 00:00:00,83,0,Wednesday
NSW-STN-006,2026-08-05 01:00:00,68,1,Wednesday
NSW-STN-006,2026-08-05 02:00:00,70,2,Wednesday
NSW-STN-006,2026-08-05 03:00:00,71,3,Wednesday
NSW-STN-006,2026-08-05 04:00:00,64,4,Wednesday
NSW-STN-006,2026-08-05 05:00:00,47,5,Wednesday
NSW-STN-006,2026-08-05 06:00:00,67,6,Wednesday
NSW-STN-006,2026-08-05 07:00:00,264,7,Wednesday
NSW-STN-006,2026-08-05 08:00:00,329,8,Wednesday
NSW-STN-006,2026-08-05 09:00:00,288,9,Wednesday
NSW-STN-006,2026-08-05 10:00:00,321,10,Wednesday
NSW-STN-006,2026-08-05 11:00:00,245,11,Wednesday
NSW-STN-006,2026-08-05 12:00:00,317,12,Wednesday
NSW-STN-006,2026-08-05 13:00:00,189,13,Wednesday
NSW-STN-006,2026-08-05 14:00:00,274,14,Wednesday
NSW-STN-006,2026-08-05 15:00:00,355,15,Wednesday
NSW-STN-006,2026-08-05 16:00:00,318,16,Wednesday
NSW-STN-006,2026-08-05 17:00:00,286,17,Wednesday
NSW-STN-006,2026-08-05 18:00:00,289,18,Wednesday
NSW-STN-006,2026-08-05 19:00:00,397,19,Wednesday
NSW-STN-006,2026-08-05 20:00:00,69,20,Wednesday
NSW-STN-006,2026-08-05 21:00:00,44,21,Wednesday
NSW-STN-006,2026-08-05 22:00:00,50,22,Wednesday
NSW-STN-006,2026-08-05 23:00:00,61,23,Wednesday
NSW-STN-006,2026-08-06 00:00:00,68,0,Thursday
NSW-STN-006,2026-08-06 01:00:00,68,1,Thursday
NSW-STN-006,2026-08-06 02:00:00,54,2,Thursday
NSW-STN-006,2026-08-06 03:00:00,66,3,Thursday
NSW-STN-006,2026-08-06 04:00:00,55,4,Thursday
NSW-STN-006,2026-08-06 05:00:00,67,5,Thursday
NSW-STN-006,2026-08-06 06:00:00,78,6,Thursday
NSW-STN-006,2026-08-06 07:00:00,298,7,Thursday
NSW-STN-006,2026-08-06 08:00:00,199,8,Thursday
NSW-STN-006,2026-08-06 09:00:00,379,9,Thursday
NSW-STN-006,2026-08-06 10:00:00,252,10,Thursday
NSW-STN-006,2026-08-06 11:00:00,282,11,Thursday
NSW-STN-006,2026-08-06 12:00:00,242,12,Thursday
NSW-STN-006,2026-08-06 13:00:00,303,13,Thursday
NSW-STN-006,2026-08-06 14:00:00,352,14,Thursday
NSW-STN-006,2026-08-06 15:00:00,286,15,Thursday
NSW-STN-006,2026-08-06 16:00:00,365,16,Thursday
NSW-STN-006,2026-08-06 17:00:00,269,17,Thursday
NSW-STN-006,2026-08-06 18:00:00,258,18,Thursday
NSW-STN-006,2026-08-06 19:00:00,221,19,Thursday
NSW-STN-006,2026-08-06 20:00:00,79,20,Thursday
NSW-STN-006,2026-08-06 21:00:00,38,21,Thursday
NSW-STN-006,2026-08-06 22:00:00,64,22,Thursday
NSW-STN-006,2026-08-06 23:00:00,56,23,Thursday
NSW-STN-006,2026-08-07 00:00:00,39,0,Friday
NSW-STN-007,2026-08-01 00:00:00,56,0,Saturday
NSW-STN-007,2026-08-01 01:00:00,67,1,Saturday
NSW-STN-007,2026-08-01 02:00:00,58,2,Saturday
NSW-STN-007,2026-08-01 03:00:00,63,3,Saturday
NSW-STN-007,2026-08-01 04:00:00,72,4,Saturday
NSW-STN-007,2026-08-01 05:00:00,45,5,Saturday
NSW-STN-007,2026-08-01 06:00:00,75,6,Saturday
NSW-STN-007,2026-08-01 07:00:00,307,7,Saturday
NSW-STN-007,2026-08-01 08:00:00,217,8,Saturday
NSW-STN-007,2026-08-01 09:00:00,251,9,Saturday
NSW-STN-007,2026-08-01 10:00:00,288,10,Saturday
NSW-STN-007,2026-08-01 11:00:00,338,11,Saturday
NSW-STN-007,2026-08-01 12:00:00,309,12,Saturday
NSW-STN-007,2026-08-01 13:00:00,377,13,Saturday
NSW-STN-007,2026-08-01 14:00:00,302,14,Saturday
NSW-STN-007,2026-08-01 15:00:00,375,15,Saturday
NSW-STN-007,2026-08-01 16:00:00,351,16,Saturday
NSW-STN-007,2026-08-01 17:00:00,281,17,Saturday
NSW-STN-007,2026-08-01 18:00:00,305,18,Saturday
NSW-STN-007,2026-08-01 19:00:00,230,19,Saturday
NSW-STN-007,2026-08-01 20:00:00,56,20,Saturday
NSW-STN-007,2026-08-01 21:00:00,40,21,Saturday
NSW-STN-007,2026-08-01 22:00:00,41,22,Saturday
NSW-STN-007,2026-08-01 23:00:00,64,23,Saturday
NSW-STN-007,2026-08-02 00:00:00,56,0,Sunday
NSW-STN-007,2026-08-02 01:00:00,65,1,Sunday
NSW-STN-007,2026-08-02 02:00:00,52,2,Sunday
NSW-STN-007,2026-08-02 03:00:00,57,3,Sunday
NSW-STN-007,2026-08-02 04:00:00,88,4,Sunday
NSW-STN-007,2026-08-02 05:00:00,36,5,Sunday
NSW-STN-007,2026-08-02 06:00:00,74,6,Sunday
NSW-STN-007,2026-08-02 07:00:00,280,7,Sunday
NSW-STN-007,2026-08-02 08:00:00,312,8,Sunday
NSW-STN-007,2026-08-02 09:00:00,280,9,Sunday
NSW-STN-007,2026-08-02 10:00:00,307,10,Sunday
NSW-STN-007,2026-08-02 11:00:00,282,11,Sunday
NSW-STN-007,2026-08-02 12:00:00,332,12,Sunday
NSW-STN-007,2026-08-02 13:00:00,301,13,Sunday
NSW-STN-007,2026-08-02 14:00:00,284,14,Sunday
NSW-STN-007,2026-08-02 15:00:00,283,15,Sunday
NSW-STN-007,2026-08-02 16:00:00,324,16,Sunday
NSW-STN-007,2026-08-02 17:00:00,334,17,Sunday
NSW-STN-007,2026-08-02 18:00:00,279,18,Sunday
NSW-STN-007,2026-08-02 19:00:00,305,19,Sunday
NSW-STN-007,2026-08-02 20:00:00,41,20,Sunday
NSW-STN-007,2026-08-02 21:00:00,38,21,Sunday
NSW-STN-007,2026-08-02 22:00:00,75,22,Sunday
NSW-STN-007,2026-08-02 23:00:00,50,23,Sunday
NSW-STN-007,2026-08-03 00:00:00,74,0,Monday
NSW-STN-007,2026-08-03 01:00:00,61,1,Monday
NSW-STN-007,2026-08-03 02:00:00,58,2,Monday
NSW-STN-007,2026-08-03 03:00:00,61,3,Monday
NSW-STN-007,2026-08-03 04:00:00,57,4,Monday
NSW-STN-007,2026-08-03 05:00:00,45,5,Monday
NSW-STN-007,2026-08-03 06:00:00,56,6,Monday
NSW-STN-007,2026-08-03 07:00:00,368,7,Monday
NSW-STN-007,2026-08-03 08:00:00,279,8,Monday
NSW-STN-007,2026-08-03 09:00:00,239,9,Monday
NSW-STN-007,2026-08-03 10:00:00,335,10,Monday
NSW-STN-007,2026-08-03 11:00:00,286,11,Monday
NSW-STN-007,2026-08-03 12:00:00,363,12,Monday
NSW-STN-007,2026-08-03 13:00:00,263,13,Monday
NSW-STN-007,2026-08-03 14:00:00,304,14,Monday
NSW-STN-007,2026-08-03 15:00:00,383,15,Monday
NSW-STN-007,2026-08-03 16:00:00,299,16,Monday
NSW-STN-007,2026-08-03 17:00:00,356,17,Monday
NSW-STN-007,2026-08-03 18:00:00,306,18,Monday
NSW-STN-007,2026-08-03 19:00:00,276,19,Monday
NSW-STN-007,2026-08-03 20:00:00,72,20,Monday
NSW-STN-007,2026-08-03 21:00:00,56,21,Monday
NSW-STN-007,2026-08-03 22:00:00,60,22,Monday
NSW-STN-007,2026-08-03 23:00:00,78,23,Monday
NSW-STN-007,2026-08-04 00:00:00,53,0,Tuesday
NSW-STN-007,2026-08-04 01:00:00,81,1,Tuesday
NSW-STN-007,2026-08-04 02:00:00,92,2,Tuesday
NSW-STN-007,2026-08-04 03:00:00,78,3,Tuesday
NSW-STN-007,2026-08-04 04:00:00,58,4,Tuesday
NSW-STN-007,2026-08-04 05:00:00,57,5,Tuesday
NSW-STN-007,2026-08-04 06:00:00,50,6,Tuesday
NSW-STN-007,2026-08-04 07:00:00,332,7,Tuesday
NSW-STN-007,2026-08-04 08:00:00,215,8,Tuesday
NSW-STN-007,2026-08-04 09:00:00,312,9,Tuesday
NSW-STN-007,2026-08-04 10:00:00,292,10,Tuesday
NSW-STN-007,2026-08-04 11:00:00,276,11,Tuesday
NSW-STN-007,2026-08-04 12:00:00,348,12,Tuesday
NSW-STN-007,2026-08-04 13:00:00,228,13,Tuesday
NSW-STN-007,2026-08-04 14:00:00,219,14,Tuesday
NSW-STN-007,2026-08-04 15:00:00,444,15,Tuesday
NSW-STN-007,2026-08-04 16:00:00,425,16,Tuesday
NSW-STN-007,2026-08-04 17:00:00,279,17,Tuesday
NSW-STN-007,2026-08-04 18:00:00,337,18,Tuesday
NSW-STN-007,2026-08-04 19:00:00,278,19,Tuesday
NSW-STN-007,2026-08-04 20:00:00,74,20,Tuesday
NSW-STN-007,2026-08-04 21:00:00,49,21,Tuesday
NSW-STN-007,2026-08-04 22:00:00,51,22,Tuesday
NSW-STN-007,2026-08-04 23:00:00,56,23,Tuesday
NSW-STN-007,2026-08-05 00:00:00,76,0,Wednesday
NSW-STN-007,2026-08-05 01:00:00,51,1,Wednesday
NSW-STN-007,2026-08-05 02:00:00,57,2,Wednesday
NSW-STN-007,2026-08-05 03:00:00,74,3,Wednesday
NSW-STN-007,2026-08-05 04:00:00,55,4,Wednesday
NSW-STN-007,2026-08-05 05:00:00,53,5,Wednesday
NSW-STN-007,2026-08-05 06:00:00,61,6,Wednesday
NSW-STN-007,2026-08-05 07:00:00,291,7,Wednesday
NSW-STN-007,2026-08-05 08:00:00,308,8,Wednesday
NSW-STN-007,2026-08-05 09:00:00,332,9,Wednesday
NSW-STN-007,2026-08-05 10:00:00,347,10,Wednesday
NSW-STN-007,2026-08-05 11:00:00,199,11,Wednesday
NSW-STN-007,2026-08-05 12:00:00,345,12,Wednesday
NSW-STN-007,2026-08-05 13:00:00,278,13,Wednesday
NSW-STN-007,2026-08-05 14:00:00,228,14,Wednesday
NSW-STN-007,2026-08-05 15:00:00,269,15,Wednesday
NSW-STN-007,2026-08-05 16:00:00,352,16,Wednesday
NSW-STN-007,2026-08-05 17:00:00,226,17,Wednesday
NSW-STN-007,2026-08-05 18:00:00,242,18,Wednesday
NSW-STN-007,2026-08-05 19:00:00,285,19,Wednesday
NSW-STN-007,2026-08-05 20:00:00,58,20,Wednesday
NSW-STN-007,2026-08-05 21:00:00,38,21,Wednesday
NSW-STN-007,2026-08-05 22:00:00,58,22,Wednesday
NSW-STN-007,2026-08-05 23:00:00,55,23,Wednesday
NSW-STN-007,2026-08-06 00:00:00,59,0,Thursday
NSW-STN-007,2026-08-06 01:00:00,48,1,Thursday
NSW-STN-007,2026-08-06 02:00:00,67,2,Thursday
NSW-STN-007,2026-08-06 03:00:00,65,3,Thursday
NSW-STN-007,2026-08-06 04:00:00,74,4,Thursday
NSW-STN-007,2026-08-06 05:00:00,67,5,Thursday
NSW-STN-007,2026-08-06 06:00:00,47,6,Thursday
NSW-STN-007,2026-08-06 07:00:00,247,7,Thursday
NSW-STN-007,2026-08-06 08:00:00,352,8,Thursday
NSW-STN-007,2026-08-06 09:00:00,289,9,Thursday
NSW-STN-007,2026-08-06 10:00:00,230,10,Thursday
NSW-STN-007,2026-08-06 11:00:00,221,11,Thursday
NSW-STN-007,2026-08-06 12:00:00,258,12,Thursday
NSW-STN-007,2026-08-06 13:00:00,313,13,Thursday
NSW-STN-007,2026-08-06 14:00:00,244,14,Thursday
NSW-STN-007,2026-08-06 15:00:00,280,15,Thursday
NSW-STN-007,2026-08-06 16:00:00,331,16,Thursday
NSW-STN-007,2026-08-06 17:00:00,373,17,Thursday
NSW-STN-007,2026-08-06 18:00:00,224,18,Thursday
NSW-STN-007,2026-08-06 19:00:00,370,19,Thursday
NSW-STN-007,2026-08-06 20:00:00,57,20,Thursday
NSW-STN-007,2026-08-06 21:00:00,68,21,Thursday
NSW-STN-007,2026-08-06 22:00:00,68,22,Thursday
NSW-STN-007,2026-08-06 23:00:00,64,23,Thursday
NSW-STN-007,2026-08-07 00:00:00,44,0,Friday
NSW-STN-008,2026-08-01 00:00:00,74,0,Saturday
NSW-STN-008,2026-08-01 01:00:00,66,1,Saturday
NSW-STN-008,2026-08-01 02:00:00,69,2,Saturday
NSW-STN-008,2026-08-01 03:00:00,56,3,Saturday
NSW-STN-008,2026-08-01 04:00:00,64,4,Saturday
NSW-STN-008,2026-08-01 05:00:00,72,5,Saturday
NSW-STN-008,2026-08-01 06:00:00,55,6,Saturday
NSW-STN-008,2026-08-01 07:00:00,301,7,Saturday
NSW-STN-008,2026-08-01 08:00:00,272,8,Saturday
NSW-STN-008,2026-08-01 09:00:00,354,9,Saturday
NSW-STN-008,2026-08-01 10:00:00,333,10,Saturday
NSW-STN-008,2026-08-01 11:00:00,232,11,Saturday
NSW-STN-008,2026-08-01 12:00:00,274,12,Saturday
NSW-STN-008,2026-08-01 13:00:00,320,13,Saturday
NSW-STN-008,2026-08-01 14:00:00,315,14,Saturday
NSW-STN-008,2026-08-01 15:00:00,223,15,Saturday
NSW-STN-008,2026-08-01 16:00:00,272,16,Saturday
NSW-STN-008,2026-08-01 17:00:00,325,17,Saturday
NSW-STN-008,2026-08-01 18:00:00,183,18,Saturday
NSW-STN-008,2026-08-01 19:00:00,361,19,Saturday
NSW-STN-008,2026-08-01 20:00:00,60,20,Saturday
NSW-STN-008,2026-08-01 21:00:00,63,21,Saturday
NSW-STN-008,2026-08-01 22:00:00,41,22,Saturday
NSW-STN-008,2026-08-01 23:00:00,24,23,Saturday
NSW-STN-008,2026-08-02 00:00:00,46,0,Sunday
NSW-STN-008,2026-08-02 01:00:00,60,1,Sunday
NSW-STN-008,2026-08-02 02:00:00,74,2,Sunday
NSW-STN-008,2026-08-02 03:00:00,57,3,Sunday
NSW-STN-008,2026-08-02 04:00:00,53,4,Sunday
NSW-STN-008,2026-08-02 05:00:00,58,5,Sunday
NSW-STN-008,2026-08-02 06:00:00,69,6,Sunday
NSW-STN-008,2026-08-02 07:00:00,322,7,Sunday
NSW-STN-008,2026-08-02 08:00:00,328,8,Sunday
NSW-STN-008,2026-08-02 09:00:00,291,9,Sunday
NSW-STN-008,2026-08-02 10:00:00,349,10,Sunday
NSW-STN-008,2026-08-02 11:00:00,311,11,Sunday
NSW-STN-008,2026-08-02 12:00:00,244,12,Sunday
NSW-STN-008,2026-08-02 13:00:00,390,13,Sunday
NSW-STN-008,2026-08-02 14:00:00,267,14,Sunday
NSW-STN-008,2026-08-02 15:00:00,216,15,Sunday
NSW-STN-008,2026-08-02 16:00:00,302,16,Sunday
NSW-STN-008,2026-08-02 17:00:00,268,17,Sunday
NSW-STN-008,2026-08-02 18:00:00,308,18,Sunday
NSW-STN-008,2026-08-02 19:00:00,360,19,Sunday
NSW-STN-008,2026-08-02 20:00:00,60,20,Sunday
NSW-STN-008,2026-08-02 21:00:00,66,21,Sunday
NSW-STN-008,2026-08-02 22:00:00,50,22,Sunday
NSW-STN-008,2026-08-02 23:00:00,68,23,Sunday
NSW-STN-008,2026-08-03 00:00:00,50,0,Monday
NSW-STN-008,2026-08-03 01:00:00,39,1,Monday
NSW-STN-008,2026-08-03 02:00:00,69,2,Monday
NSW-STN-008,2026-08-03 03:00:00,50,3,Monday
NSW-STN-008,2026-08-03 04:00:00,46,4,Monday
NSW-STN-008,2026-08-03 05:00:00,54,5,Monday
NSW-STN-008,2026-08-03 06:00:00,75,6,Monday
NSW-STN-008,2026-08-03 07:00:00,276,7,Monday
NSW-STN-008,2026-08-03 08:00:00,235,8,Monday
NSW-STN-008,2026-08-03 09:00:00,326,9,Monday
NSW-STN-008,2026-08-03 10:00:00,354,10,Monday
NSW-STN-008,2026-08-03 11:00:00,258,11,Monday
NSW-STN-008,2026-08-03 12:00:00,388,12,Monday
NSW-STN-008,2026-08-03 13:00:00,194,13,Monday
NSW-STN-008,2026-08-03 14:00:00,183,14,Monday
NSW-STN-008,2026-08-03 15:00:00,310,15,Monday
NSW-STN-008,2026-08-03 16:00:00,247,16,Monday
NSW-STN-008,2026-08-03 17:00:00,280,17,Monday
NSW-STN-008,2026-08-03 18:00:00,403,18,Monday
NSW-STN-008,2026-08-03 19:00:00,207,19,Monday
NSW-STN-008,2026-08-03 20:00:00,80,20,Monday
NSW-STN-008,2026-08-03 21:00:00,72,21,Monday
NSW-STN-008,2026-08-03 22:00:00,99,22,Monday
NSW-STN-008,2026-08-03 23:00:00,68,23,Monday
NSW-STN-008,2026-08-04 00:00:00,78,0,Tuesday
NSW-STN-008,2026-08-04 01:00:00,79,1,Tuesday
NSW-STN-008,2026-08-04 02:00:00,63,2,Tuesday
NSW-STN-008,2026-08-04 03:00:00,67,3,Tuesday
NSW-STN-008,2026-08-04 04:00:00,57,4,Tuesday
NSW-STN-008,2026-08-04 05:00:00,66,5,Tuesday
NSW-STN-008,2026-08-04 06:00:00,38,6,Tuesday
NSW-STN-008,2026-08-04 07:00:00,405,7,Tuesday
NSW-STN-008,2026-08-04 08:00:00,349,8,Tuesday
NSW-STN-008,2026-08-04 09:00:00,325,9,Tuesday
NSW-STN-008,2026-08-04 10:00:00,213,10,Tuesday
NSW-STN-008,2026-08-04 11:00:00,332,11,Tuesday
NSW-STN-008,2026-08-04 12:00:00,339,12,Tuesday
NSW-STN-008,2026-08-04 13:00:00,299,13,Tuesday
NSW-STN-008,2026-08-04 14:00:00,334,14,Tuesday
NSW-STN-008,2026-08-04 15:00:00,248,15,Tuesday
NSW-STN-008,2026-08-04 16:00:00,327,16,Tuesday
NSW-STN-008,2026-08-04 17:00:00,223,17,Tuesday
NSW-STN-008,2026-08-04 18:00:00,325,18,Tuesday
NSW-STN-008,2026-08-04 19:00:00,235,19,Tuesday
NSW-STN-008,2026-08-04 20:00:00,52,20,Tuesday
NSW-STN-008,2026-08-04 21:00:00,81,21,Tuesday
NSW-STN-008,2026-08-04 22:00:00,48,22,Tuesday
NSW-STN-008,2026-08-04 23:00:00,57,23,Tuesday
NSW-STN-008,2026-08-05 00:00:00,61,0,Wednesday
NSW-STN-008,2026-08-05 01:00:00,78,1,Wednesday
NSW-STN-008,2026-08-05 02:00:00,56,2,Wednesday
NSW-STN-008,2026-08-05 03:00:00,66,3,Wednesday
NSW-STN-008,2026-08-05 04:00:00,45,4,Wednesday
NSW-STN-008,2026-08-05 05:00:00,64,5,Wednesday
NSW-STN-008,2026-08-05 06:00:00,57,6,Wednesday
NSW-STN-008,2026-08-05 07:00:00,300,7,Wednesday
NSW-STN-008,2026-08-05 08:00:00,388,8,Wednesday
NSW-STN-008,2026-08-05 09:00:00,341,9,Wednesday
NSW-STN-008,2026-08-05 10:00:00,371,10,Wednesday
NSW-STN-008,2026-08-05 11:00:00,220,11,Wednesday
NSW-STN-008,2026-08-05 12:00:00,266,12,Wednesday
NSW-STN-008,2026-08-05 13:00:00,205,13,Wednesday
NSW-STN-008,2026-08-05 14:00:00,175,14,Wednesday
NSW-STN-008,2026-08-05 15:00:00,247,15,Wednesday
NSW-STN-008,2026-08-05 16:00:00,393,16,Wednesday
NSW-STN-008,2026-08-05 17:00:00,321,17,Wednesday
NSW-STN-008,2026-08-05 18:00:00,316,18,Wednesday
NSW-STN-008,2026-08-05 19:00:00,317,19,Wednesday
NSW-STN-008,2026-08-05 20:00:00,79,20,Wednesday
NSW-STN-008,2026-08-05 21:00:00,42,21,Wednesday
NSW-STN-008,2026-08-05 22:00:00,53,22,Wednesday
NSW-STN-008,2026-08-05 23:00:00,62,23,Wednesday
NSW-STN-008,2026-08-06 00:00:00,71,0,Thursday
NSW-STN-008,2026-08-06 01:00:00,42,1,Thursday
NSW-STN-008,2026-08-06 02:00:00,64,2,Thursday
NSW-STN-008,2026-08-06 03:00:00,57,3,Thursday
NSW-STN-008,2026-08-06 04:00:00,53,4,Thursday
NSW-STN-008,2026-08-06 05:00:00,73,5,Thursday
NSW-STN-008,2026-08-06 06:00:00,59,6,Thursday
NSW-STN-008,2026-08-06 07:00:00,261,7,Thursday
NSW-STN-008,2026-08-06 08:00:00,429,8,Thursday
NSW-STN-008,2026-08-06 09:00:00,397,9,Thursday
NSW-STN-008,2026-08-06 10:00:00,358,10,Thursday
NSW-STN-008,2026-08-06 11:00:00,293,11,Thursday
NSW-STN-008,2026-08-06 12:00:00,244,12,Thursday
NSW-STN-008,2026-08-06 13:00:00,241,13,Thursday
NSW-STN-008,2026-08-06 14:00:00,387,14,Thursday
NSW-STN-008,2026-08-06 15:00:00,244,15,Thursday
NSW-STN-008,2026-08-06 16:00:00,292,16,Thursday
NSW-STN-008,2026-08-06 17:00:00,378,17,Thursday
NSW-STN-008,2026-08-06 18:00:00,355,18,Thursday
NSW-STN-008,2026-08-06 19:00:00,278,19,Thursday
NSW-STN-008,2026-08-06 20:00:00,61,20,Thursday
NSW-STN-008,2026-08-06 21:00:00,78,21,Thursday
NSW-STN-008,2026-08-06 22:00:00,65,22,Thursday
NSW-STN-008,2026-08-06 23:00:00,70,23,Thursday
NSW-STN-008,2026-08-07 00:00:00,61,0,Friday
NSW-STN-009,2026-08-01 00:00:00,76,0,Saturday
NSW-STN-009,2026-08-01 01:00:00,73,1,Saturday
NSW-STN-009,2026-08-01 02:00:00,77,2,Saturday
NSW-STN-009,2026-08-01 03:00:00,51,3,Saturday
NSW-STN-009,2026-08-01 04:00:00,44,4,Saturday
NSW-STN-009,2026-08-01 05:00:00,58,5,Saturday
NSW-STN-009,2026-08-01 06:00:00,53,6,Saturday
NSW-STN-009,2026-08-01 07:00:00,355,7,Saturday
NSW-STN-009,2026-08-01 08:00:00,195,8,Saturday
NSW-STN-009,2026-08-01 09:00:00,325,9,Saturday
NSW-STN-009,2026-08-01 10:00:00,273,10,Saturday
NSW-STN-009,2026-08-01 11:00:00,271,11,Saturday
NSW-STN-009,2026-08-01 12:00:00,266,12,Saturday
NSW-STN-009,2026-08-01 13:00:00,249,13,Saturday
NSW-STN-009,2026-08-01 14:00:00,290,14,Saturday
NSW-STN-009,2026-08-01 15:00:00,176,15,Saturday
NSW-STN-009,2026-08-01 16:00:00,239,16,Saturday
NSW-STN-009,2026-08-01 17:00:00,319,17,Saturday
NSW-STN-009,2026-08-01 18:00:00,341,18,Saturday
NSW-STN-009,2026-08-01 19:00:00,301,19,Saturday
NSW-STN-009,2026-08-01 20:00:00,56,20,Saturday
NSW-STN-009,2026-08-01 21:00:00,78,21,Saturday
NSW-STN-009,2026-08-01 22:00:00,64,22,Saturday
NSW-STN-009,2026-08-01 23:00:00,44,23,Saturday
NSW-STN-009,2026-08-02 00:00:00,64,0,Sunday
NSW-STN-009,2026-08-02 01:00:00,45,1,Sunday
NSW-STN-009,2026-08-02 02:00:00,54,2,Sunday
NSW-STN-009,2026-08-02 03:00:00,65,3,Sunday
NSW-STN-009,2026-08-02 04:00:00,73,4,Sunday
NSW-STN-009,2026-08-02 05:00:00,71,5,Sunday
NSW-STN-009,2026-08-02 06:00:00,28,6,Sunday
NSW-STN-009,2026-08-02 07:00:00,310,7,Sunday
NSW-STN-009,2026-08-02 08:00:00,276,8,Sunday
NSW-STN-009,2026-08-02 09:00:00,354,9,Sunday
NSW-STN-009,2026-08-02 10:00:00,276,10,Sunday
NSW-STN-009,2026-08-02 11:00:00,318,11,Sunday
NSW-STN-009,2026-08-02 12:00:00,260,12,Sunday
NSW-STN-009,2026-08-02 13:00:00,353,13,Sunday
NSW-STN-009,2026-08-02 14:00:00,341,14,Sunday
NSW-STN-009,2026-08-02 15:00:00,379,15,Sunday
NSW-STN-009,2026-08-02 16:00:00,342,16,Sunday
NSW-STN-009,2026-08-02 17:00:00,172,17,Sunday
NSW-STN-009,2026-08-02 18:00:00,224,18,Sunday
NSW-STN-009,2026-08-02 19:00:00,251,19,Sunday
NSW-STN-009,2026-08-02 20:00:00,56,20,Sunday
NSW-STN-009,2026-08-02 21:00:00,68,21,Sunday
NSW-STN-009,2026-08-02 22:00:00,68,22,Sunday
NSW-STN-009,2026-08-02 23:00:00,67,23,Sunday
NSW-STN-009,2026-08-03 00:00:00,67,0,Monday
NSW-STN-009,2026-08-03 01:00:00,69,1,Monday
NSW-STN-009,2026-08-03 02:00:00,47,2,Monday
NSW-STN-009,2026-08-03 03:00:00,51,3,Monday
NSW-STN-009,2026-08-03 04:00:00,47,4,Monday
NSW-STN-009,2026-08-03 05:00:00,66,5,Monday
NSW-STN-009,2026-08-03 06:00:00,33,6,Monday
NSW-STN-009,2026-08-03 07:00:00,268,7,Monday
NSW-STN-009,2026-08-03 08:00:00,333,8,Monday
NSW-STN-009,2026-08-03 09:00:00,284,9,Monday
NSW-STN-009,2026-08-03 10:00:00,324,10,Monday
NSW-STN-009,2026-08-03 11:00:00,342,11,Monday
NSW-STN-009,2026-08-03 12:00:00,344,12,Monday
NSW-STN-009,2026-08-03 13:00:00,406,13,Monday
NSW-STN-009,2026-08-03 14:00:00,212,14,Monday
NSW-STN-009,2026-08-03 15:00:00,218,15,Monday
NSW-STN-009,2026-08-03 16:00:00,365,16,Monday
NSW-STN-009,2026-08-03 17:00:00,279,17,Monday
NSW-STN-009,2026-08-03 18:00:00,319,18,Monday
NSW-STN-009,2026-08-03 19:00:00,355,19,Monday
NSW-STN-009,2026-08-03 20:00:00,43,20,Monday
NSW-STN-009,2026-08-03 21:00:00,53,21,Monday
NSW-STN-009,2026-08-03 22:00:00,48,22,Monday
NSW-STN-009,2026-08-03 23:00:00,67,23,Monday
NSW-STN-009,2026-08-04 00:00:00,56,0,Tuesday
NSW-STN-009,2026-08-04 01:00:00,47,1,Tuesday
NSW-STN-009,2026-08-04 02:00:00,67,2,Tuesday
NSW-STN-009,2026-08-04 03:00:00,73,3,Tuesday
NSW-STN-009,2026-08-04 04:00:00,62,4,Tuesday
NSW-STN-009,2026-08-04 05:00:00,51,5,Tuesday
NSW-STN-009,2026-08-04 06:00:00,68,6,Tuesday
NSW-STN-009,2026-08-04 07:00:00,308,7,Tuesday
NSW-STN-009,2026-08-04 08:00:00,274,8,Tuesday
NSW-STN-009,2026-08-04 09:00:00,401,9,Tuesday
NSW-STN-009,2026-08-04 10:00:00,205,10,Tuesday
NSW-STN-009,2026-08-04 11:00:00,258,11,Tuesday
NSW-STN-009,2026-08-04 12:00:00,228,12,Tuesday
NSW-STN-009,2026-08-04 13:00:00,302,13,Tuesday
NSW-STN-009,2026-08-04 14:00:00,257,14,Tuesday
NSW-STN-009,2026-08-04 15:00:00,279,15,Tuesday
NSW-STN-009,2026-08-04 16:00:00,122,16,Tuesday
NSW-STN-009,2026-08-04 17:00:00,250,17,Tuesday
NSW-STN-009,2026-08-04 18:00:00,202,18,Tuesday
NSW-STN-009,2026-08-04 19:00:00,273,19,Tuesday
NSW-STN-009,2026-08-04 20:00:00,60,20,Tuesday
NSW-STN-009,2026-08-04 21:00:00,47,21,Tuesday
NSW-STN-009,2026-08-04 22:00:00,62,22,Tuesday
NSW-STN-009,2026-08-04 23:00:00,72,23,Tuesday
NSW-STN-009,2026-08-05 00:00:00,58,0,Wednesday
NSW-STN-009,2026-08-05 01:00:00,42,1,Wednesday
NSW-STN-009,2026-08-05 02:00:00,60,2,Wednesday
NSW-STN-009,2026-08-05 03:00:00,84,3,Wednesday
NSW-STN-009,2026-08-05 04:00:00,69,4,Wednesday
NSW-STN-009,2026-08-05 05:00:00,61,5,Wednesday
NSW-STN-009,2026-08-05 06:00:00,63,6,Wednesday
NSW-STN-009,2026-08-05 07:00:00,280,7,Wednesday
NSW-STN-009,2026-08-05 08:00:00,319,8,Wednesday
NSW-STN-009,2026-08-05 09:00:00,277,9,Wednesday
NSW-STN-009,2026-08-05 10:00:00,315,10,Wednesday
NSW-STN-009,2026-08-05 11:00:00,261,11,Wednesday
NSW-STN-009,2026-08-05 12:00:00,292,12,Wednesday
NSW-STN-009,2026-08-05 13:00:00,208,13,Wednesday
NSW-STN-009,2026-08-05 14:00:00,352,14,Wednesday
NSW-STN-009,2026-08-05 15:00:00,236,15,Wednesday
NSW-STN-009,2026-08-05 16:00:00,225,16,Wednesday
NSW-STN-009,2026-08-05 17:00:00,336,17,Wednesday
NSW-STN-009,2026-08-05 18:00:00,323,18,Wednesday
NSW-STN-009,2026-08-05 19:00:00,192,19,Wednesday
NSW-STN-009,2026-08-05 20:00:00,65,20,Wednesday
NSW-STN-009,2026-08-05 21:00:00,45,21,Wednesday
NSW-STN-009,2026-08-05 22:00:00,44,22,Wednesday
NSW-STN-009,2026-08-05 23:00:00,56,23,Wednesday
NSW-STN-009,2026-08-06 00:00:00,76,0,Thursday
NSW-STN-009,2026-08-06 01:00:00,89,1,Thursday
NSW-STN-009,2026-08-06 02:00:00,55,2,Thursday
NSW-STN-009,2026-08-06 03:00:00,75,3,Thursday
NSW-STN-009,2026-08-06 04:00:00,73,4,Thursday
NSW-STN-009,2026-08-06 05:00:00,55,5,Thursday
NSW-STN-009,2026-08-06 06:00:00,77,6,Thursday
NSW-STN-009,2026-08-06 07:00:00,235,7,Thursday
NSW-STN-009,2026-08-06 08:00:00,365,8,Thursday
NSW-STN-009,2026-08-06 09:00:00,375,9,Thursday
NSW-STN-009,2026-08-06 10:00:00,282,10,Thursday
NSW-STN-009,2026-08-06 11:00:00,311,11,Thursday
NSW-STN-009,2026-08-06 12:00:00,285,12,Thursday
NSW-STN-009,2026-08-06 13:00:00,386,13,Thursday
NSW-STN-009,2026-08-06 14:00:00,290,14,Thursday
NSW-STN-009,2026-08-06 15:00:00,269,15,Thursday
NSW-STN-009,2026-08-06 16:00:00,332,16,Thursday
NSW-STN-009,2026-08-06 17:00:00,342,17,Thursday
NSW-STN-009,2026-08-06 18:00:00,301,18,Thursday
NSW-STN-009,2026-08-06 19:00:00,415,19,Thursday
NSW-STN-009,2026-08-06 20:00:00,54,20,Thursday
NSW-STN-009,2026-08-06 21:00:00,64,21,Thursday
NSW-STN-009,2026-08-06 22:00:00,48,22,Thursday
NSW-STN-009,2026-08-06 23:00:00,47,23,Thursday
NSW-STN-009,2026-08-07 00:00:00,56,0,Friday
NSW-STN-010,2026-08-01 00:00:00,63,0,Saturday
NSW-STN-010,2026-08-01 01:00:00,65,1,Saturday
NSW-STN-010,2026-08-01 02:00:00,40,2,Saturday
NSW-STN-010,2026-08-01 03:00:00,43,3,Saturday
NSW-STN-010,2026-08-01 04:00:00,71,4,Saturday
NSW-STN-010,2026-08-01 05:00:00,51,5,Saturday
NSW-STN-010,2026-08-01 06:00:00,36,6,Saturday
NSW-STN-010,2026-08-01 07:00:00,233,7,Saturday
NSW-STN-010,2026-08-01 08:00:00,319,8,Saturday
NSW-STN-010,2026-08-01 09:00:00,194,9,Saturday
NSW-STN-010,2026-08-01 10:00:00,240,10,Saturday
NSW-STN-010,2026-08-01 11:00:00,315,11,Saturday
NSW-STN-010,2026-08-01 12:00:00,278,12,Saturday
NSW-STN-010,2026-08-01 13:00:00,383,13,Saturday
NSW-STN-010,2026-08-01 14:00:00,285,14,Saturday
NSW-STN-010,2026-08-01 15:00:00,261,15,Saturday
NSW-STN-010,2026-08-01 16:00:00,189,16,Saturday
NSW-STN-010,2026-08-01 17:00:00,317,17,Saturday
NSW-STN-010,2026-08-01 18:00:00,242,18,Saturday
NSW-STN-010,2026-08-01 19:00:00,409,19,Saturday
NSW-STN-010,2026-08-01 20:00:00,55,20,Saturday
NSW-STN-010,2026-08-01 21:00:00,49,21,Saturday
NSW-STN-010,2026-08-01 22:00:00,60,22,Saturday
NSW-STN-010,2026-08-01 23:00:00,56,23,Saturday
NSW-STN-010,2026-08-02 00:00:00,74,0,Sunday
NSW-STN-010,2026-08-02 01:00:00,76,1,Sunday
NSW-STN-010,2026-08-02 02:00:00,77,2,Sunday
NSW-STN-010,2026-08-02 03:00:00,66,3,Sunday
NSW-STN-010,2026-08-02 04:00:00,35,4,Sunday
NSW-STN-010,2026-08-02 05:00:00,60,5,Sunday
NSW-STN-010,2026-08-02 06:00:00,56,6,Sunday
NSW-STN-010,2026-08-02 07:00:00,219,7,Sunday
NSW-STN-010,2026-08-02 08:00:00,218,8,Sunday
NSW-STN-010,2026-08-02 09:00:00,437,9,Sunday
NSW-STN-010,2026-08-02 10:00:00,314,10,Sunday
NSW-STN-010,2026-08-02 11:00:00,336,11,Sunday
NSW-STN-010,2026-08-02 12:00:00,355,12,Sunday
NSW-STN-010,2026-08-02 13:00:00,363,13,Sunday
NSW-STN-010,2026-08-02 14:00:00,296,14,Sunday
NSW-STN-010,2026-08-02 15:00:00,431,15,Sunday
NSW-STN-010,2026-08-02 16:00:00,296,16,Sunday
NSW-STN-010,2026-08-02 17:00:00,337,17,Sunday
NSW-STN-010,2026-08-02 18:00:00,265,18,Sunday
NSW-STN-010,2026-08-02 19:00:00,386,19,Sunday
NSW-STN-010,2026-08-02 20:00:00,42,20,Sunday
NSW-STN-010,2026-08-02 21:00:00,69,21,Sunday
NSW-STN-010,2026-08-02 22:00:00,66,22,Sunday
NSW-STN-010,2026-08-02 23:00:00,75,23,Sunday
NSW-STN-010,2026-08-03 00:00:00,68,0,Monday
NSW-STN-010,2026-08-03 01:00:00,57,1,Monday
NSW-STN-010,2026-08-03 02:00:00,56,2,Monday
NSW-STN-010,2026-08-03 03:00:00,46,3,Monday
NSW-STN-010,2026-08-03 04:00:00,46,4,Monday
NSW-STN-010,2026-08-03 05:00:00,60,5,Monday
NSW-STN-010,2026-08-03 06:00:00,47,6,Monday
NSW-STN-010,2026-08-03 07:00:00,322,7,Monday
NSW-STN-010,2026-08-03 08:00:00,314,8,Monday
NSW-STN-010,2026-08-03 09:00:00,305,9,Monday
NSW-STN-010,2026-08-03 10:00:00,323,10,Monday
NSW-STN-010,2026-08-03 11:00:00,239,11,Monday
NSW-STN-010,2026-08-03 12:00:00,259,12,Monday
NSW-STN-010,2026-08-03 13:00:00,292,13,Monday
NSW-STN-010,2026-08-03 14:00:00,302,14,Monday
NSW-STN-010,2026-08-03 15:00:00,283,15,Monday
NSW-STN-010,2026-08-03 16:00:00,325,16,Monday
NSW-STN-010,2026-08-03 17:00:00,359,17,Monday
NSW-STN-010,2026-08-03 18:00:00,228,18,Monday
NSW-STN-010,2026-08-03 19:00:00,257,19,Monday
NSW-STN-010,2026-08-03 20:00:00,61,20,Monday
NSW-STN-010,2026-08-03 21:00:00,78,21,Monday
NSW-STN-010,2026-08-03 22:00:00,71,22,Monday
NSW-STN-010,2026-08-03 23:00:00,69,23,Monday
NSW-STN-010,2026-08-04 00:00:00,66,0,Tuesday
NSW-STN-010,2026-08-04 01:00:00,56,1,Tuesday
NSW-STN-010,2026-08-04 02:00:00,71,2,Tuesday
NSW-STN-010,2026-08-04 03:00:00,69,3,Tuesday
NSW-STN-010,2026-08-04 04:00:00,37,4,Tuesday
NSW-STN-010,2026-08-04 05:00:00,48,5,Tuesday
NSW-STN-010,2026-08-04 06:00:00,45,6,Tuesday
NSW-STN-010,2026-08-04 07:00:00,370,7,Tuesday
NSW-STN-010,2026-08-04 08:00:00,332,8,Tuesday
NSW-STN-010,2026-08-04 09:00:00,272,9,Tuesday
NSW-STN-010,2026-08-04 10:00:00,277,10,Tuesday
NSW-STN-010,2026-08-04 11:00:00,275,11,Tuesday
NSW-STN-010,2026-08-04 12:00:00,333,12,Tuesday
NSW-STN-010,2026-08-04 13:00:00,298,13,Tuesday
NSW-STN-010,2026-08-04 14:00:00,165,14,Tuesday
NSW-STN-010,2026-08-04 15:00:00,251,15,Tuesday
NSW-STN-010,2026-08-04 16:00:00,256,16,Tuesday
NSW-STN-010,2026-08-04 17:00:00,326,17,Tuesday
NSW-STN-010,2026-08-04 18:00:00,425,18,Tuesday
NSW-STN-010,2026-08-04 19:00:00,319,19,Tuesday
NSW-STN-010,2026-08-04 20:00:00,64,20,Tuesday
NSW-STN-010,2026-08-04 21:00:00,58,21,Tuesday
NSW-STN-010,2026-08-04 22:00:00,48,22,Tuesday
NSW-STN-010,2026-08-04 23:00:00,40,23,Tuesday
NSW-STN-010,2026-08-05 00:00:00,69,0,Wednesday
NSW-STN-010,2026-08-05 01:00:00,60,1,Wednesday
NSW-STN-010,2026-08-05 02:00:00,77,2,Wednesday
NSW-STN-010,2026-08-05 03:00:00,60,3,Wednesday
NSW-STN-010,2026-08-05 04:00:00,76,4,Wednesday
NSW-STN-010,2026-08-05 05:00:00,58,5,Wednesday
NSW-STN-010,2026-08-05 06:00:00,50,6,Wednesday
NSW-STN-010,2026-08-05 07:00:00,313,7,Wednesday
NSW-STN-010,2026-08-05 08:00:00,294,8,Wednesday
NSW-STN-010,2026-08-05 09:00:00,370,9,Wednesday
NSW-STN-010,2026-08-05 10:00:00,199,10,Wednesday
NSW-STN-010,2026-08-05 11:00:00,322,11,Wednesday
NSW-STN-010,2026-08-05 12:00:00,378,12,Wednesday
NSW-STN-010,2026-08-05 13:00:00,322,13,Wednesday
NSW-STN-010,2026-08-05 14:00:00,355,14,Wednesday
NSW-STN-010,2026-08-05 15:00:00,236,15,Wednesday
NSW-STN-010,2026-08-05 16:00:00,216,16,Wednesday
NSW-STN-010,2026-08-05 17:00:00,312,17,Wednesday
NSW-STN-010,2026-08-05 18:00:00,257,18,Wednesday
NSW-STN-010,2026-08-05 19:00:00,266,19,Wednesday
NSW-STN-010,2026-08-05 20:00:00,65,20,Wednesday
NSW-STN-010,2026-08-05 21:00:00,57,21,Wednesday
NSW-STN-010,2026-08-05 22:00:00,56,22,Wednesday
NSW-STN-010,2026-08-05 23:00:00,61,23,Wednesday
NSW-STN-010,2026-08-06 00:00:00,58,0,Thursday
NSW-STN-010,2026-08-06 01:00:00,53,1,Thursday
NSW-STN-010,2026-08-06 02:00:00,68,2,Thursday
NSW-STN-010,2026-08-06 03:00:00,42,3,Thursday
NSW-STN-010,2026-08-06 04:00:00,74,4,Thursday
NSW-STN-010,2026-08-06 05:00:00,46,5,Thursday
NSW-STN-010,2026-08-06 06:00:00,67,6,Thursday
NSW-STN-010,2026-08-06 07:00:00,331,7,Thursday
NSW-STN-010,2026-08-06 08:00:00,359,8,Thursday
NSW-STN-010,2026-08-06 09:00:00,323,9,Thursday
NSW-STN-010,2026-08-06 10:00:00,298,10,Thursday
NSW-STN-010,2026-08-06 11:00:00,291,11,Thursday
NSW-STN-010,2026-08-06 12:00:00,294,12,Thursday
NSW-STN-010,2026-08-06 13:00:00,328,13,Thursday
NSW-STN-010,2026-08-06 14:00:00,432,14,Thursday
NSW-STN-010,2026-08-06 15:00:00,357,15,Thursday
NSW-STN-010,2026-08-06 16:00:00,280,16,Thursday
NSW-STN-010,2026-08-06 17:00:00,278,17,Thursday
NSW-STN-010,2026-08-06 18:00:00,392,18,Thursday
NSW-STN-010,2026-08-06 19:00:00,306,19,Thursday
NSW-STN-010,2026-08-06 20:00:00,47,20,Thursday
NSW-STN-010,2026-08-06 21:00:00,45,21,Thursday
NSW-STN-010,2026-08-06 22:00:00,69,22,Thursday
NSW-STN-010,2026-08-06 23:00:00,53,23,Thursday
NSW-STN-010,2026-08-07 00:00:00,58,0,Friday
