state,date,value,fuel
NSW,2010-07-01,361.9,Diesel
NSW,2010-08-01,362.8,Diesel
NSW,2010-09-01,393.2,Diesel
NSW,2010-10-01,379.6,Diesel
NSW,2010-11-01,410.2,Diesel
NSW,2010-12-01,381.7,Diesel
NSW,2011-01-01,362.6,Diesel
NSW,2011-02-01,376.2,Diesel
NSW,2011-03-01,414.0,Diesel
NSW,2011-04-01,376.8,Diesel
NSW,2011-05-01,430.3,Diesel
NSW,2011-06-01,378.6,Diesel
NSW,2011-07-01,410.6,Diesel
NSW,2011-08-01,423.2,Diesel
NSW,2011-09-01,424.7,Diesel
NSW,2011-10-01,402.9,Diesel
NSW,2011-11-01,406.0,Diesel
NSW,2011-12-01,382.4,Diesel
NSW,2012-01-01,378.6,Diesel
NSW,2012-02-01,384.1,Diesel
NSW,2012-03-01,416.5,Diesel
NSW,2012-04-01,382.0,Diesel
NSW,2012-05-01,449.5,Diesel
NSW,2012-06-01,385.0,Diesel
NSW,2012-07-01,419.7,Diesel
NSW,2012-08-01,446.0,Diesel
NSW,2012-09-01,411.1,Diesel
NSW,2012-10-01,464.3,Diesel
NSW,2012-11-01,454.9,Diesel
NSW,2012-12-01,417.3,Diesel
NSW,2013-01-01,427.0,Diesel
NSW,2013-02-01,409.4,Diesel
NSW,2013-03-01,424.2,Diesel
NSW,2013-04-01,444.8,Diesel
NSW,2013-05-01,457.8,Diesel
NSW,2013-06-01,410.2,Diesel
NSW,2013-07-01,464.8,Diesel
NSW,2013-08-01,481.9,Diesel
NSW,2013-09-01,449.6,Diesel
NSW,2013-10-01,476.3,Diesel
NSW,2013-11-01,467.6,Diesel
NSW,2013-12-01,444.4,Diesel
NSW,2014-01-01,449.5,Diesel
NSW,2014-02-01,444.1,Diesel
NSW,2014-03-01,458.8,Diesel
NSW,2014-04-01,437.8,Diesel
NSW,2014-05-01,474.9,Diesel
NSW,2014-06-01,438.6,Diesel
NSW,2014-07-01,477.2,Diesel
NSW,2014-08-01,446.7,Diesel
NSW,2014-09-01,456.9,Diesel
NSW,2014-10-01,472.9,Diesel
NSW,2014-11-01,462.9,Diesel
NSW,2014-12-01,448.7,Diesel
NSW,2015-01-01,434.0,Diesel
NSW,2015-02-01,460.3,Diesel
NSW,2015-03-01,482.5,Diesel
NSW,2015-04-01,440.5,Diesel
NSW,2015-05-01,474.7,Diesel
NSW,2015-06-01,452.4,Diesel
NSW,2015-07-01,479.5,Diesel
NSW,2015-08-01,469.2,Diesel
NSW,2015-09-01,475.4,Diesel
NSW,2015-10-01,480.9,Diesel
NSW,2015-11-01,471.4,Diesel
NSW,2015-12-01,482.2,Diesel
NSW,2016-01-01,436.6,Diesel
NSW,2016-02-01,490.1,Diesel
NSW,2016-03-01,498.1,Diesel
NSW,2016-04-01,475.7,Diesel
NSW,2016-05-01,488.2,Diesel
NSW,2016-06-01,453.4,Diesel
NSW,2016-07-01,455.6,Diesel
NSW,2016-08-01,467.8,Diesel
NSW,2016-09-01,459.4,Diesel
NSW,2016-10-01,477.6,Diesel
NSW,2016-11-01,514.1,Diesel
NSW,2016-12-01,502.1,Diesel
NSW,2017-01-01,481.0,Diesel
NSW,2017-02-01,498.6,Diesel
NSW,2017-03-01,545.8,Diesel
NSW,2017-04-01,498.4,Diesel
NSW,2017-05-01,566.5,Diesel
NSW,2017-06-01,509.6,Diesel
NSW,2017-07-01,533.5,Diesel
NSW,2017-08-01,542.5,Diesel
NSW,2017-09-01,536.7,Diesel
NSW,2017-10-01,545.3,Diesel
NSW,2017-11-01,555.3,Diesel
NSW,2017-12-01,523.8,Diesel
NSW,2018-01-01,526.4,Diesel
NSW,2018-02-01,526.4,Diesel
NSW,2018-03-01,562.6,Diesel
NSW,2018-04-01,537.0,Diesel
NSW,2018-05-01,594.0,Diesel
NSW,2018-06-01,537.7,Diesel
NSW,2018-07-01,567.6,Diesel
NSW,2018-08-01,582.5,Diesel
NSW,2018-09-01,529.9,Diesel
NSW,2018-10-01,573.5,Diesel
NSW,2018-11-01,600.2,Diesel
NSW,2018-12-01,533.7,Diesel
NSW,2019-01-01,533.6,Diesel
NSW,2019-02-01,542.8,Diesel
NSW,2019-03-01,591.4,Diesel
NSW,2019-04-01,554.5,Diesel
NSW,2019-05-01,598.2,Diesel
NSW,2019-06-01,536.3,Diesel
NSW,2019-07-01,563.7,Diesel
NSW,2019-08-01,577.1,Diesel
NSW,2019-09-01,551.1,Diesel
NSW,2019-10-01,598.4,Diesel
NSW,2019-11-01,584.1,Diesel
NSW,2019-12-01,581.4,Diesel
NSW,2020-01-01,565.6,Diesel
NSW,2020-02-01,550.2,Diesel
NSW,2020-03-01,605.3,Diesel
NSW,2020-04-01,476.2,Diesel
NSW,2020-05-01,544.8,Diesel
NSW,2020-06-01,544.9,Diesel
NSW,2020-07-01,544.9,Diesel
NSW,2020-08-01,544.2,Diesel
NSW,2020-09-01,558.8,Diesel
NSW,2020-10-01,572.2,Diesel
NSW,2020-11-01,604.2,Diesel
NSW,2020-12-01,563.7,Diesel
NSW,2021-01-01,516.9,Diesel
NSW,2021-02-01,561.9,Diesel
NSW,2021-03-01,589.7,Diesel
NSW,2021-04-01,611.7,Diesel
NSW,2021-05-01,632.3,Diesel
NSW,2021-06-01,590.7,Diesel
NSW,2021-07-01,546.0,Diesel
NSW,2021-08-01,525.3,Diesel
NSW,2021-09-01,553.5,Diesel
NSW,2021-10-01,640.8,Diesel
NSW,2021-11-01,601.0,Diesel
NSW,2021-12-01,618.3,Diesel
NSW,2022-01-01,546.6,Diesel
NSW,2022-02-01,576.1,Diesel
NSW,2022-03-01,608.1,Diesel
NSW,2022-04-01,534.4,Diesel
NSW,2022-05-01,636.4,Diesel
NSW,2022-06-01,630.2,Diesel
NSW,2022-07-01,588.5,Diesel
NSW,2022-08-01,625.6,Diesel
NSW,2022-09-01,597.6,Diesel
NSW,2022-10-01,564.9,Diesel
NSW,2022-11-01,635.8,Diesel
NSW,2022-12-01,640.6,Diesel
NSW,2023-01-01,574.4,Diesel
NSW,2023-02-01,597.5,Diesel
NSW,2023-03-01,683.6,Diesel
NSW,2023-04-01,585.9,Diesel
NSW,2023-05-01,671.4,Diesel
NSW,2023-06-01,624.9,Diesel
NSW,2023-07-01,611.6,Diesel
NSW,2023-08-01,647.9,Diesel
NSW,2023-09-01,616.4,Diesel
NSW,2023-10-01,652.8,Diesel
NSW,2023-11-01,656.0,Diesel
NSW,2023-12-01,600.1,Diesel
NSW,2024-01-01,609.7,Diesel
NSW,2024-02-01,631.7,Diesel
NSW,2024-03-01,653.5,Diesel
NSW,2024-04-01,622.6,Diesel
NSW,2024-05-01,652.3,Diesel
NSW,2024-06-01,589.4,Diesel
NSW,2024-07-01,626.1,Diesel
NSW,2024-08-01,627.6,Diesel
NSW,2024-09-01,626.5,Diesel
NSW,2024-10-01,664.4,Diesel
NSW,2024-11-01,673.6,Diesel
NSW,2024-12-01,631.4,Diesel
NSW,2025-01-01,607.2,Diesel
NSW,2025-02-01,615.9,Diesel
NSW,2025-03-01,651.5,Diesel
NSW,2025-04-01,618.5,Diesel
NSW,2025-05-01,640.2,Diesel
NSW,2025-06-01,657.8,Diesel
NSW,2025-07-01,653.2,Diesel
NSW,2025-08-01,624.7,Diesel
NSW,2025-09-01,649.3,Diesel
NSW,2025-10-01,690.4,Diesel
NSW,2025-11-01,677.5,Diesel
NSW,2025-12-01,655.0,Diesel
NSW,2026-01-01,620.8,Diesel
NSW,2026-02-01,625.9,Diesel
NSW,2026-03-01,721.7,Diesel
NSW,2026-04-01,607.3,Diesel
NSW,2026-05-01,611.5,Diesel
NSW,2026-06-01,653.2,Diesel
NSW,2026-07-01,654.0,Diesel
NSW,2010-07-01,510.2,Petrol
NSW,2010-08-01,516.3,Petrol
NSW,2010-09-01,482.2,Petrol
NSW,2010-10-01,523.7,Petrol
NSW,2010-11-01,537.3,Petrol
NSW,2010-12-01,578.5,Petrol
NSW,2011-01-01,466.9,Petrol
NSW,2011-02-01,491.8,Petrol
NSW,2011-03-01,519.0,Petrol
NSW,2011-04-01,466.5,Petrol
NSW,2011-05-01,479.8,Petrol
NSW,2011-06-01,517.4,Petrol
NSW,2011-07-01,498.1,Petrol
NSW,2011-08-01,518.2,Petrol
NSW,2011-09-01,481.3,Petrol
NSW,2011-10-01,470.5,Petrol
NSW,2011-11-01,519.3,Petrol
NSW,2011-12-01,519.1,Petrol
NSW,2012-01-01,469.6,Petrol
NSW,2012-02-01,495.1,Petrol
NSW,2012-03-01,501.7,Petrol
NSW,2012-04-01,461.1,Petrol
NSW,2012-05-01,515.0,Petrol
NSW,2012-06-01,468.8,Petrol
NSW,2012-07-01,496.9,Petrol
NSW,2012-08-01,507.7,Petrol
NSW,2012-09-01,467.4,Petrol
NSW,2012-10-01,493.3,Petrol
NSW,2012-11-01,500.3,Petrol
NSW,2012-12-01,517.3,Petrol
NSW,2013-01-01,483.7,Petrol
NSW,2013-02-01,476.0,Petrol
NSW,2013-03-01,516.1,Petrol
NSW,2013-04-01,477.4,Petrol
NSW,2013-05-01,482.7,Petrol
NSW,2013-06-01,467.9,Petrol
NSW,2013-07-01,512.2,Petrol
NSW,2013-08-01,516.9,Petrol
NSW,2013-09-01,471.1,Petrol
NSW,2013-10-01,499.0,Petrol
NSW,2013-11-01,500.3,Petrol
NSW,2013-12-01,524.8,Petrol
NSW,2014-01-01,480.5,Petrol
NSW,2014-02-01,472.2,Petrol
NSW,2014-03-01,490.8,Petrol
NSW,2014-04-01,479.4,Petrol
NSW,2014-05-01,480.7,Petrol
NSW,2014-06-01,454.8,Petrol
NSW,2014-07-01,503.5,Petrol
NSW,2014-08-01,499.7,Petrol
NSW,2014-09-01,471.7,Petrol
NSW,2014-10-01,500.7,Petrol
NSW,2014-11-01,487.2,Petrol
NSW,2014-12-01,533.5,Petrol
NSW,2015-01-01,480.9,Petrol
NSW,2015-02-01,473.8,Petrol
NSW,2015-03-01,495.6,Petrol
NSW,2015-04-01,461.9,Petrol
NSW,2015-05-01,469.2,Petrol
NSW,2015-06-01,453.1,Petrol
NSW,2015-07-01,493.8,Petrol
NSW,2015-08-01,490.3,Petrol
NSW,2015-09-01,469.2,Petrol
NSW,2015-10-01,487.6,Petrol
NSW,2015-11-01,480.9,Petrol
NSW,2015-12-01,532.5,Petrol
NSW,2016-01-01,458.1,Petrol
NSW,2016-02-01,481.8,Petrol
NSW,2016-03-01,500.9,Petrol
NSW,2016-04-01,452.1,Petrol
NSW,2016-05-01,456.7,Petrol
NSW,2016-06-01,433.0,Petrol
NSW,2016-07-01,471.6,Petrol
NSW,2016-08-01,485.9,Petrol
NSW,2016-09-01,459.3,Petrol
NSW,2016-10-01,473.0,Petrol
NSW,2016-11-01,494.5,Petrol
NSW,2016-12-01,520.2,Petrol
NSW,2017-01-01,469.4,Petrol
NSW,2017-02-01,485.0,Petrol
NSW,2017-03-01,520.3,Petrol
NSW,2017-04-01,466.6,Petrol
NSW,2017-05-01,499.8,Petrol
NSW,2017-06-01,469.0,Petrol
NSW,2017-07-01,485.2,Petrol
NSW,2017-08-01,492.3,Petrol
NSW,2017-09-01,471.7,Petrol
NSW,2017-10-01,477.6,Petrol
NSW,2017-11-01,488.5,Petrol
NSW,2017-12-01,526.4,Petrol
NSW,2018-01-01,483.3,Petrol
NSW,2018-02-01,461.7,Petrol
NSW,2018-03-01,513.8,Petrol
NSW,2018-04-01,465.1,Petrol
NSW,2018-05-01,490.3,Petrol
NSW,2018-06-01,454.6,Petrol
NSW,2018-07-01,475.4,Petrol
NSW,2018-08-01,477.5,Petrol
NSW,2018-09-01,463.5,Petrol
NSW,2018-10-01,486.3,Petrol
NSW,2018-11-01,506.4,Petrol
NSW,2018-12-01,497.7,Petrol
NSW,2019-01-01,462.9,Petrol
NSW,2019-02-01,445.5,Petrol
NSW,2019-03-01,480.9,Petrol
NSW,2019-04-01,464.8,Petrol
NSW,2019-05-01,474.0,Petrol
NSW,2019-06-01,444.6,Petrol
NSW,2019-07-01,465.3,Petrol
NSW,2019-08-01,474.9,Petrol
NSW,2019-09-01,445.4,Petrol
NSW,2019-10-01,464.9,Petrol
NSW,2019-11-01,471.0,Petrol
NSW,2019-12-01,481.0,Petrol
NSW,2020-01-01,435.4,Petrol
NSW,2020-02-01,443.3,Petrol
NSW,2020-03-01,433.5,Petrol
NSW,2020-04-01,257.0,Petrol
NSW,2020-05-01,349.1,Petrol
NSW,2020-06-01,394.1,Petrol
NSW,2020-07-01,422.8,Petrol
NSW,2020-08-01,420.1,Petrol
NSW,2020-09-01,426.1,Petrol
NSW,2020-10-01,434.7,Petrol
NSW,2020-11-01,439.8,Petrol
NSW,2020-12-01,470.4,Petrol
NSW,2021-01-01,405.7,Petrol
NSW,2021-02-01,424.9,Petrol
NSW,2021-03-01,454.7,Petrol
NSW,2021-04-01,449.9,Petrol
NSW,2021-05-01,461.6,Petrol
NSW,2021-06-01,437.1,Petrol
NSW,2021-07-01,293.7,Petrol
NSW,2021-08-01,247.4,Petrol
NSW,2021-09-01,265.1,Petrol
NSW,2021-10-01,362.6,Petrol
NSW,2021-11-01,422.8,Petrol
NSW,2021-12-01,461.8,Petrol
NSW,2022-01-01,403.1,Petrol
NSW,2022-02-01,395.9,Petrol
NSW,2022-03-01,421.2,Petrol
NSW,2022-04-01,385.1,Petrol
NSW,2022-05-01,427.7,Petrol
NSW,2022-06-01,412.4,Petrol
NSW,2022-07-01,414.2,Petrol
NSW,2022-08-01,421.7,Petrol
NSW,2022-09-01,432.9,Petrol
NSW,2022-10-01,407.3,Petrol
NSW,2022-11-01,434.0,Petrol
NSW,2022-12-01,450.7,Petrol
NSW,2023-01-01,394.9,Petrol
NSW,2023-02-01,394.6,Petrol
NSW,2023-03-01,455.0,Petrol
NSW,2023-04-01,393.0,Petrol
NSW,2023-05-01,434.3,Petrol
NSW,2023-06-01,402.1,Petrol
NSW,2023-07-01,408.1,Petrol
NSW,2023-08-01,416.1,Petrol
NSW,2023-09-01,414.9,Petrol
NSW,2023-10-01,429.4,Petrol
NSW,2023-11-01,427.8,Petrol
NSW,2023-12-01,440.9,Petrol
NSW,2024-01-01,414.2,Petrol
NSW,2024-02-01,408.9,Petrol
NSW,2024-03-01,443.3,Petrol
NSW,2024-04-01,396.0,Petrol
NSW,2024-05-01,428.2,Petrol
NSW,2024-06-01,392.3,Petrol
NSW,2024-07-01,408.6,Petrol
NSW,2024-08-01,424.8,Petrol
NSW,2024-09-01,418.5,Petrol
NSW,2024-10-01,430.5,Petrol
NSW,2024-11-01,428.4,Petrol
NSW,2024-12-01,451.8,Petrol
NSW,2025-01-01,410.8,Petrol
NSW,2025-02-01,399.8,Petrol
NSW,2025-03-01,439.8,Petrol
NSW,2025-04-01,416.2,Petrol
NSW,2025-05-01,418.6,Petrol
NSW,2025-06-01,407.4,Petrol
NSW,2025-07-01,412.2,Petrol
NSW,2025-08-01,413.6,Petrol
NSW,2025-09-01,421.1,Petrol
NSW,2025-10-01,433.9,Petrol
NSW,2025-11-01,425.4,Petrol
NSW,2025-12-01,457.3,Petrol
NSW,2026-01-01,413.6,Petrol
NSW,2026-02-01,403.2,Petrol
NSW,2026-03-01,439.0,Petrol
NSW,2026-04-01,395.8,Petrol
NSW,2026-05-01,399.0,Petrol
NSW,2026-06-01,430.9,Petrol
NSW,2026-07-01,402.0,Petrol
NT,2010-07-01,60.0,Diesel
NT,2010-08-01,62.8,Diesel
NT,2010-09-01,62.6,Diesel
NT,2010-10-01,57.4,Diesel
NT,2010-11-01,50.2,Diesel
NT,2010-12-01,55.8,Diesel
NT,2011-01-01,46.8,Diesel
NT,2011-02-01,35.2,Diesel
NT,2011-03-01,38.1,Diesel
NT,2011-04-01,45.5,Diesel
NT,2011-05-01,53.2,Diesel
NT,2011-06-01,79.6,Diesel
NT,2011-07-01,86.7,Diesel
NT,2011-08-01,57.4,Diesel
NT,2011-09-01,68.5,Diesel
NT,2011-10-01,56.2,Diesel
NT,2011-11-01,61.6,Diesel
NT,2011-12-01,55.3,Diesel
NT,2012-01-01,42.5,Diesel
NT,2012-02-01,37.0,Diesel
NT,2012-03-01,45.0,Diesel
NT,2012-04-01,39.0,Diesel
NT,2012-05-01,61.3,Diesel
NT,2012-06-01,50.0,Diesel
NT,2012-07-01,57.5,Diesel
NT,2012-08-01,50.9,Diesel
NT,2012-09-01,55.7,Diesel
NT,2012-10-01,50.0,Diesel
NT,2012-11-01,60.8,Diesel
NT,2012-12-01,52.9,Diesel
NT,2013-01-01,53.3,Diesel
NT,2013-02-01,45.9,Diesel
NT,2013-03-01,55.3,Diesel
NT,2013-04-01,50.3,Diesel
NT,2013-05-01,42.3,Diesel
NT,2013-06-01,51.5,Diesel
NT,2013-07-01,48.1,Diesel
NT,2013-08-01,58.5,Diesel
NT,2013-09-01,50.8,Diesel
NT,2013-10-01,47.6,Diesel
NT,2013-11-01,57.4,Diesel
NT,2013-12-01,59.1,Diesel
NT,2014-01-01,56.6,Diesel
NT,2014-02-01,44.6,Diesel
NT,2014-03-01,57.3,Diesel
NT,2014-04-01,57.5,Diesel
NT,2014-05-01,63.2,Diesel
NT,2014-06-01,55.9,Diesel
NT,2014-07-01,63.6,Diesel
NT,2014-08-01,63.6,Diesel
NT,2014-09-01,60.8,Diesel
NT,2014-10-01,61.2,Diesel
NT,2014-11-01,50.3,Diesel
NT,2014-12-01,60.5,Diesel
NT,2015-01-01,59.0,Diesel
NT,2015-02-01,42.0,Diesel
NT,2015-03-01,52.9,Diesel
NT,2015-04-01,40.3,Diesel
NT,2015-05-01,49.9,Diesel
NT,2015-06-01,48.8,Diesel
NT,2015-07-01,51.8,Diesel
NT,2015-08-01,58.3,Diesel
NT,2015-09-01,58.8,Diesel
NT,2015-10-01,58.1,Diesel
NT,2015-11-01,43.6,Diesel
NT,2015-12-01,53.5,Diesel
NT,2016-01-01,52.4,Diesel
NT,2016-02-01,51.7,Diesel
NT,2016-03-01,60.3,Diesel
NT,2016-04-01,55.9,Diesel
NT,2016-05-01,53.8,Diesel
NT,2016-06-01,58.5,Diesel
NT,2016-07-01,52.4,Diesel
NT,2016-08-01,54.0,Diesel
NT,2016-09-01,46.8,Diesel
NT,2016-10-01,43.1,Diesel
NT,2016-11-01,47.5,Diesel
NT,2016-12-01,48.0,Diesel
NT,2017-01-01,53.6,Diesel
NT,2017-02-01,47.3,Diesel
NT,2017-03-01,71.9,Diesel
NT,2017-04-01,62.9,Diesel
NT,2017-05-01,69.8,Diesel
NT,2017-06-01,82.0,Diesel
NT,2017-07-01,55.2,Diesel
NT,2017-08-01,67.4,Diesel
NT,2017-09-01,55.5,Diesel
NT,2017-10-01,61.0,Diesel
NT,2017-11-01,65.2,Diesel
NT,2017-12-01,55.9,Diesel
NT,2018-01-01,50.1,Diesel
NT,2018-02-01,58.7,Diesel
NT,2018-03-01,66.2,Diesel
NT,2018-04-01,71.8,Diesel
NT,2018-05-01,76.5,Diesel
NT,2018-06-01,83.4,Diesel
NT,2018-07-01,85.5,Diesel
NT,2018-08-01,86.6,Diesel
NT,2018-09-01,79.6,Diesel
NT,2018-10-01,73.6,Diesel
NT,2018-11-01,79.9,Diesel
NT,2018-12-01,54.7,Diesel
NT,2019-01-01,58.2,Diesel
NT,2019-02-01,53.2,Diesel
NT,2019-03-01,57.8,Diesel
NT,2019-04-01,58.3,Diesel
NT,2019-05-01,66.2,Diesel
NT,2019-06-01,64.9,Diesel
NT,2019-07-01,62.4,Diesel
NT,2019-08-01,63.2,Diesel
NT,2019-09-01,60.8,Diesel
NT,2019-10-01,61.6,Diesel
NT,2019-11-01,57.8,Diesel
NT,2019-12-01,56.2,Diesel
NT,2020-01-01,48.3,Diesel
NT,2020-02-01,49.8,Diesel
NT,2020-03-01,55.1,Diesel
NT,2020-04-01,52.3,Diesel
NT,2020-05-01,59.5,Diesel
NT,2020-06-01,57.9,Diesel
NT,2020-07-01,50.0,Diesel
NT,2020-08-01,59.8,Diesel
NT,2020-09-01,58.9,Diesel
NT,2020-10-01,64.2,Diesel
NT,2020-11-01,60.0,Diesel
NT,2020-12-01,55.1,Diesel
NT,2021-01-01,45.3,Diesel
NT,2021-02-01,45.0,Diesel
NT,2021-03-01,53.4,Diesel
NT,2021-04-01,54.4,Diesel
NT,2021-05-01,61.8,Diesel
NT,2021-06-01,64.6,Diesel
NT,2021-07-01,62.7,Diesel
NT,2021-08-01,69.5,Diesel
NT,2021-09-01,66.2,Diesel
NT,2021-10-01,66.4,Diesel
NT,2021-11-01,60.5,Diesel
NT,2021-12-01,51.5,Diesel
NT,2022-01-01,48.8,Diesel
NT,2022-02-01,45.3,Diesel
NT,2022-03-01,53.7,Diesel
NT,2022-04-01,49.2,Diesel
NT,2022-05-01,57.1,Diesel
NT,2022-06-01,60.5,Diesel
NT,2022-07-01,69.0,Diesel
NT,2022-08-01,63.6,Diesel
NT,2022-09-01,67.9,Diesel
NT,2022-10-01,65.3,Diesel
NT,2022-11-01,59.9,Diesel
NT,2022-12-01,51.0,Diesel
NT,2023-01-01,45.4,Diesel
NT,2023-02-01,45.6,Diesel
NT,2023-03-01,52.8,Diesel
NT,2023-04-01,55.7,Diesel
NT,2023-05-01,62.4,Diesel
NT,2023-06-01,60.1,Diesel
NT,2023-07-01,65.8,Diesel
NT,2023-08-01,66.6,Diesel
NT,2023-09-01,62.3,Diesel
NT,2023-10-01,63.8,Diesel
NT,2023-11-01,69.0,Diesel
NT,2023-12-01,56.9,Diesel
NT,2024-01-01,49.9,Diesel
NT,2024-02-01,51.4,Diesel
NT,2024-03-01,54.0,Diesel
NT,2024-04-01,59.7,Diesel
NT,2024-05-01,74.9,Diesel
NT,2024-06-01,73.9,Diesel
NT,2024-07-01,78.5,Diesel
NT,2024-08-01,75.1,Diesel
NT,2024-09-01,72.7,Diesel
NT,2024-10-01,72.2,Diesel
NT,2024-11-01,65.5,Diesel
NT,2024-12-01,60.3,Diesel
NT,2025-01-01,59.5,Diesel
NT,2025-02-01,54.0,Diesel
NT,2025-03-01,64.4,Diesel
NT,2025-04-01,64.6,Diesel
NT,2025-05-01,71.1,Diesel
NT,2025-06-01,72.6,Diesel
NT,2025-07-01,78.1,Diesel
NT,2025-08-01,79.2,Diesel
NT,2025-09-01,81.1,Diesel
NT,2025-10-01,75.0,Diesel
NT,2025-11-01,61.3,Diesel
NT,2025-12-01,59.6,Diesel
NT,2026-01-01,48.1,Diesel
NT,2026-02-01,44.6,Diesel
NT,2026-03-01,53.0,Diesel
NT,2026-04-01,51.1,Diesel
NT,2026-05-01,59.5,Diesel
NT,2026-06-01,74.0,Diesel
NT,2026-07-01,66.7,Diesel
NT,2010-07-01,17.2,Petrol
NT,2010-08-01,17.0,Petrol
NT,2010-09-01,14.9,Petrol
NT,2010-10-01,12.7,Petrol
NT,2010-11-01,12.3,Petrol
NT,2010-12-01,12.1,Petrol
NT,2011-01-01,10.4,Petrol
NT,2011-02-01,11.0,Petrol
NT,2011-03-01,11.7,Petrol
NT,2011-04-01,11.7,Petrol
NT,2011-05-01,13.5,Petrol
NT,2011-06-01,12.6,Petrol
NT,2011-07-01,14.2,Petrol
NT,2011-08-01,13.9,Petrol
NT,2011-09-01,13.0,Petrol
NT,2011-10-01,12.5,Petrol
NT,2011-11-01,13.1,Petrol
NT,2011-12-01,12.9,Petrol
NT,2012-01-01,10.7,Petrol
NT,2012-02-01,12.1,Petrol
NT,2012-03-01,11.8,Petrol
NT,2012-04-01,12.4,Petrol
NT,2012-05-01,13.1,Petrol
NT,2012-06-01,13.3,Petrol
NT,2012-07-01,15.2,Petrol
NT,2012-08-01,13.8,Petrol
NT,2012-09-01,11.8,Petrol
NT,2012-10-01,12.0,Petrol
NT,2012-11-01,11.2,Petrol
NT,2012-12-01,10.8,Petrol
NT,2013-01-01,11.0,Petrol
NT,2013-02-01,11.0,Petrol
NT,2013-03-01,10.4,Petrol
NT,2013-04-01,11.5,Petrol
NT,2013-05-01,11.7,Petrol
NT,2013-06-01,11.4,Petrol
NT,2013-07-01,12.2,Petrol
NT,2013-08-01,11.7,Petrol
NT,2013-09-01,11.0,Petrol
NT,2013-10-01,10.3,Petrol
NT,2013-11-01,9.9,Petrol
NT,2013-12-01,9.4,Petrol
NT,2014-01-01,9.2,Petrol
NT,2014-02-01,10.2,Petrol
NT,2014-03-01,10.5,Petrol
NT,2014-04-01,10.9,Petrol
NT,2014-05-01,11.1,Petrol
NT,2014-06-01,11.2,Petrol
NT,2014-07-01,12.3,Petrol
NT,2014-08-01,12.0,Petrol
NT,2014-09-01,11.2,Petrol
NT,2014-10-01,10.7,Petrol
NT,2014-11-01,10.4,Petrol
NT,2014-12-01,9.7,Petrol
NT,2015-01-01,8.3,Petrol
NT,2015-02-01,9.4,Petrol
NT,2015-03-01,10.0,Petrol
NT,2015-04-01,10.1,Petrol
NT,2015-05-01,9.6,Petrol
NT,2015-06-01,9.5,Petrol
NT,2015-07-01,11.5,Petrol
NT,2015-08-01,10.3,Petrol
NT,2015-09-01,9.4,Petrol
NT,2015-10-01,9.4,Petrol
NT,2015-11-01,9.2,Petrol
NT,2015-12-01,9.1,Petrol
NT,2016-01-01,7.8,Petrol
NT,2016-02-01,8.6,Petrol
NT,2016-03-01,8.7,Petrol
NT,2016-04-01,8.9,Petrol
NT,2016-05-01,9.7,Petrol
NT,2016-06-01,9.4,Petrol
NT,2016-07-01,10.5,Petrol
NT,2016-08-01,10.7,Petrol
NT,2016-09-01,9.5,Petrol
NT,2016-10-01,9.1,Petrol
NT,2016-11-01,8.9,Petrol
NT,2016-12-01,8.4,Petrol
NT,2017-01-01,6.6,Petrol
NT,2017-02-01,7.8,Petrol
NT,2017-03-01,8.2,Petrol
NT,2017-04-01,8.5,Petrol
NT,2017-05-01,9.4,Petrol
NT,2017-06-01,8.9,Petrol
NT,2017-07-01,9.5,Petrol
NT,2017-08-01,8.5,Petrol
NT,2017-09-01,7.8,Petrol
NT,2017-10-01,8.1,Petrol
NT,2017-11-01,7.4,Petrol
NT,2017-12-01,7.3,Petrol
NT,2018-01-01,8.1,Petrol
NT,2018-02-01,8.0,Petrol
NT,2018-03-01,9.8,Petrol
NT,2018-04-01,9.8,Petrol
NT,2018-05-01,11.2,Petrol
NT,2018-06-01,10.7,Petrol
NT,2018-07-01,11.7,Petrol
NT,2018-08-01,11.7,Petrol
NT,2018-09-01,10.1,Petrol
NT,2018-10-01,11.2,Petrol
NT,2018-11-01,10.6,Petrol
NT,2018-12-01,9.2,Petrol
NT,2019-01-01,8.4,Petrol
NT,2019-02-01,8.2,Petrol
NT,2019-03-01,9.8,Petrol
NT,2019-04-01,9.6,Petrol
NT,2019-05-01,10.6,Petrol
NT,2019-06-01,10.2,Petrol
NT,2019-07-01,11.6,Petrol
NT,2019-08-01,11.4,Petrol
NT,2019-09-01,12.0,Petrol
NT,2019-10-01,11.4,Petrol
NT,2019-11-01,10.9,Petrol
NT,2019-12-01,9.8,Petrol
NT,2020-01-01,8.5,Petrol
NT,2020-02-01,8.8,Petrol
NT,2020-03-01,10.1,Petrol
NT,2020-04-01,7.6,Petrol
NT,2020-05-01,9.6,Petrol
NT,2020-06-01,10.7,Petrol
NT,2020-07-01,11.9,Petrol
NT,2020-08-01,12.9,Petrol
NT,2020-09-01,12.2,Petrol
NT,2020-10-01,12.6,Petrol
NT,2020-11-01,11.8,Petrol
NT,2020-12-01,11.4,Petrol
NT,2021-01-01,9.8,Petrol
NT,2021-02-01,9.3,Petrol
NT,2021-03-01,11.2,Petrol
NT,2021-04-01,11.8,Petrol
NT,2021-05-01,12.5,Petrol
NT,2021-06-01,11.9,Petrol
NT,2021-07-01,12.0,Petrol
NT,2021-08-01,12.1,Petrol
NT,2021-09-01,12.5,Petrol
NT,2021-10-01,12.1,Petrol
NT,2021-11-01,10.5,Petrol
NT,2021-12-01,10.3,Petrol
NT,2022-01-01,9.4,Petrol
NT,2022-02-01,8.9,Petrol
NT,2022-03-01,10.5,Petrol
NT,2022-04-01,10.7,Petrol
NT,2022-05-01,11.6,Petrol
NT,2022-06-01,12.2,Petrol
NT,2022-07-01,12.4,Petrol
NT,2022-08-01,12.1,Petrol
NT,2022-09-01,12.4,Petrol
NT,2022-10-01,11.2,Petrol
NT,2022-11-01,10.7,Petrol
NT,2022-12-01,10.0,Petrol
NT,2023-01-01,8.4,Petrol
NT,2023-02-01,7.5,Petrol
NT,2023-03-01,10.0,Petrol
NT,2023-04-01,10.9,Petrol
NT,2023-05-01,11.1,Petrol
NT,2023-06-01,12.0,Petrol
NT,2023-07-01,11.8,Petrol
NT,2023-08-01,12.4,Petrol
NT,2023-09-01,11.6,Petrol
NT,2023-10-01,11.0,Petrol
NT,2023-11-01,10.4,Petrol
NT,2023-12-01,10.2,Petrol
NT,2024-01-01,9.0,Petrol
NT,2024-02-01,9.1,Petrol
NT,2024-03-01,9.7,Petrol
NT,2024-04-01,10.3,Petrol
NT,2024-05-01,11.2,Petrol
NT,2024-06-01,11.1,Petrol
NT,2024-07-01,12.3,Petrol
NT,2024-08-01,11.6,Petrol
NT,2024-09-01,11.1,Petrol
NT,2024-10-01,10.8,Petrol
NT,2024-11-01,9.7,Petrol
NT,2024-12-01,10.1,Petrol
NT,2025-01-01,8.5,Petrol
NT,2025-02-01,8.6,Petrol
NT,2025-03-01,9.8,Petrol
NT,2025-04-01,10.5,Petrol
NT,2025-05-01,10.8,Petrol
NT,2025-06-01,11.1,Petrol
NT,2025-07-01,11.7,Petrol
NT,2025-08-01,11.6,Petrol
NT,2025-09-01,11.0,Petrol
NT,2025-10-01,11.3,Petrol
NT,2025-11-01,9.7,Petrol
NT,2025-12-01,9.9,Petrol
NT,2026-01-01,8.5,Petrol
NT,2026-02-01,8.4,Petrol
NT,2026-03-01,9.9,Petrol
NT,2026-04-01,9.8,Petrol
NT,2026-05-01,10.8,Petrol
NT,2026-06-01,11.3,Petrol
NT,2026-07-01,12.3,Petrol
QLD,2010-07-01,526.6,Diesel
QLD,2010-08-01,523.7,Diesel
QLD,2010-09-01,489.3,Diesel
QLD,2010-10-01,509.4,Diesel
QLD,2010-11-01,504.6,Diesel
QLD,2010-12-01,409.9,Diesel
QLD,2011-01-01,412.4,Diesel
QLD,2011-02-01,468.4,Diesel
QLD,2011-03-01,487.0,Diesel
QLD,2011-04-01,463.1,Diesel
QLD,2011-05-01,550.6,Diesel
QLD,2011-06-01,549.1,Diesel
QLD,2011-07-01,563.0,Diesel
QLD,2011-08-01,587.6,Diesel
QLD,2011-09-01,584.1,Diesel
QLD,2011-10-01,586.3,Diesel
QLD,2011-11-01,623.9,Diesel
QLD,2011-12-01,537.8,Diesel
QLD,2012-01-01,517.2,Diesel
QLD,2012-02-01,532.5,Diesel
QLD,2012-03-01,550.6,Diesel
QLD,2012-04-01,560.6,Diesel
QLD,2012-05-01,620.5,Diesel
QLD,2012-06-01,590.8,Diesel
QLD,2012-07-01,594.9,Diesel
QLD,2012-08-01,674.2,Diesel
QLD,2012-09-01,632.4,Diesel
QLD,2012-10-01,667.0,Diesel
QLD,2012-11-01,653.4,Diesel
QLD,2012-12-01,577.4,Diesel
QLD,2013-01-01,533.4,Diesel
QLD,2013-02-01,533.1,Diesel
QLD,2013-03-01,572.6,Diesel
QLD,2013-04-01,587.4,Diesel
QLD,2013-05-01,630.5,Diesel
QLD,2013-06-01,610.2,Diesel
QLD,2013-07-01,684.8,Diesel
QLD,2013-08-01,682.0,Diesel
QLD,2013-09-01,652.3,Diesel
QLD,2013-10-01,674.7,Diesel
QLD,2013-11-01,617.0,Diesel
QLD,2013-12-01,581.5,Diesel
QLD,2014-01-01,571.9,Diesel
QLD,2014-02-01,530.6,Diesel
QLD,2014-03-01,580.1,Diesel
QLD,2014-04-01,568.3,Diesel
QLD,2014-05-01,621.1,Diesel
QLD,2014-06-01,588.7,Diesel
QLD,2014-07-01,661.0,Diesel
QLD,2014-08-01,627.5,Diesel
QLD,2014-09-01,619.0,Diesel
QLD,2014-10-01,651.8,Diesel
QLD,2014-11-01,607.0,Diesel
QLD,2014-12-01,549.8,Diesel
QLD,2015-01-01,521.1,Diesel
QLD,2015-02-01,550.0,Diesel
QLD,2015-03-01,599.6,Diesel
QLD,2015-04-01,576.2,Diesel
QLD,2015-05-01,609.2,Diesel
QLD,2015-06-01,636.8,Diesel
QLD,2015-07-01,653.2,Diesel
QLD,2015-08-01,623.6,Diesel
QLD,2015-09-01,610.1,Diesel
QLD,2015-10-01,615.6,Diesel
QLD,2015-11-01,579.6,Diesel
QLD,2015-12-01,550.4,Diesel
QLD,2016-01-01,520.6,Diesel
QLD,2016-02-01,519.2,Diesel
QLD,2016-03-01,559.2,Diesel
QLD,2016-04-01,562.0,Diesel
QLD,2016-05-01,574.7,Diesel
QLD,2016-06-01,556.1,Diesel
QLD,2016-07-01,546.6,Diesel
QLD,2016-08-01,589.1,Diesel
QLD,2016-09-01,560.2,Diesel
QLD,2016-10-01,591.0,Diesel
QLD,2016-11-01,604.0,Diesel
QLD,2016-12-01,547.9,Diesel
QLD,2017-01-01,578.7,Diesel
QLD,2017-02-01,587.7,Diesel
QLD,2017-03-01,589.7,Diesel
QLD,2017-04-01,607.4,Diesel
QLD,2017-05-01,673.0,Diesel
QLD,2017-06-01,709.1,Diesel
QLD,2017-07-01,647.3,Diesel
QLD,2017-08-01,657.5,Diesel
QLD,2017-09-01,608.1,Diesel
QLD,2017-10-01,578.5,Diesel
QLD,2017-11-01,633.6,Diesel
QLD,2017-12-01,577.6,Diesel
QLD,2018-01-01,633.7,Diesel
QLD,2018-02-01,580.3,Diesel
QLD,2018-03-01,654.4,Diesel
QLD,2018-04-01,648.5,Diesel
QLD,2018-05-01,727.1,Diesel
QLD,2018-06-01,699.8,Diesel
QLD,2018-07-01,709.7,Diesel
QLD,2018-08-01,733.1,Diesel
QLD,2018-09-01,651.5,Diesel
QLD,2018-10-01,663.3,Diesel
QLD,2018-11-01,670.2,Diesel
QLD,2018-12-01,597.8,Diesel
QLD,2019-01-01,601.3,Diesel
QLD,2019-02-01,559.8,Diesel
QLD,2019-03-01,616.6,Diesel
QLD,2019-04-01,599.8,Diesel
QLD,2019-05-01,679.3,Diesel
QLD,2019-06-01,644.0,Diesel
QLD,2019-07-01,715.6,Diesel
QLD,2019-08-01,691.8,Diesel
QLD,2019-09-01,678.3,Diesel
QLD,2019-10-01,684.6,Diesel
QLD,2019-11-01,665.3,Diesel
QLD,2019-12-01,621.4,Diesel
QLD,2020-01-01,585.9,Diesel
QLD,2020-02-01,558.3,Diesel
QLD,2020-03-01,646.4,Diesel
QLD,2020-04-01,565.2,Diesel
QLD,2020-05-01,620.4,Diesel
QLD,2020-06-01,630.8,Diesel
QLD,2020-07-01,653.5,Diesel
QLD,2020-08-01,657.6,Diesel
QLD,2020-09-01,663.1,Diesel
QLD,2020-10-01,688.4,Diesel
QLD,2020-11-01,683.2,Diesel
QLD,2020-12-01,599.4,Diesel
QLD,2021-01-01,565.1,Diesel
QLD,2021-02-01,590.8,Diesel
QLD,2021-03-01,649.9,Diesel
QLD,2021-04-01,631.1,Diesel
QLD,2021-05-01,701.6,Diesel
QLD,2021-06-01,701.9,Diesel
QLD,2021-07-01,694.2,Diesel
QLD,2021-08-01,695.4,Diesel
QLD,2021-09-01,690.1,Diesel
QLD,2021-10-01,695.3,Diesel
QLD,2021-11-01,653.3,Diesel
QLD,2021-12-01,621.2,Diesel
QLD,2022-01-01,603.7,Diesel
QLD,2022-02-01,594.3,Diesel
QLD,2022-03-01,677.9,Diesel
QLD,2022-04-01,599.7,Diesel
QLD,2022-05-01,614.0,Diesel
QLD,2022-06-01,721.6,Diesel
QLD,2022-07-01,647.9,Diesel
QLD,2022-08-01,739.5,Diesel
QLD,2022-09-01,704.3,Diesel
QLD,2022-10-01,662.7,Diesel
QLD,2022-11-01,699.9,Diesel
QLD,2022-12-01,657.7,Diesel
QLD,2023-01-01,585.9,Diesel
QLD,2023-02-01,617.9,Diesel
QLD,2023-03-01,692.3,Diesel
QLD,2023-04-01,650.4,Diesel
QLD,2023-05-01,725.1,Diesel
QLD,2023-06-01,711.1,Diesel
QLD,2023-07-01,709.3,Diesel
QLD,2023-08-01,760.9,Diesel
QLD,2023-09-01,726.6,Diesel
QLD,2023-10-01,755.0,Diesel
QLD,2023-11-01,694.7,Diesel
QLD,2023-12-01,639.3,Diesel
QLD,2024-01-01,655.6,Diesel
QLD,2024-02-01,657.1,Diesel
QLD,2024-03-01,705.9,Diesel
QLD,2024-04-01,691.8,Diesel
QLD,2024-05-01,810.8,Diesel
QLD,2024-06-01,730.1,Diesel
QLD,2024-07-01,762.8,Diesel
QLD,2024-08-01,748.3,Diesel
QLD,2024-09-01,765.8,Diesel
QLD,2024-10-01,803.0,Diesel
QLD,2024-11-01,762.7,Diesel
QLD,2024-12-01,676.6,Diesel
QLD,2025-01-01,675.7,Diesel
QLD,2025-02-01,606.6,Diesel
QLD,2025-03-01,667.9,Diesel
QLD,2025-04-01,668.0,Diesel
QLD,2025-05-01,769.4,Diesel
QLD,2025-06-01,770.9,Diesel
QLD,2025-07-01,789.9,Diesel
QLD,2025-08-01,765.8,Diesel
QLD,2025-09-01,773.2,Diesel
QLD,2025-10-01,814.5,Diesel
QLD,2025-11-01,738.5,Diesel
QLD,2025-12-01,723.1,Diesel
QLD,2026-01-01,638.3,Diesel
QLD,2026-02-01,644.5,Diesel
QLD,2026-03-01,748.9,Diesel
QLD,2026-04-01,699.8,Diesel
QLD,2026-05-01,709.8,Diesel
QLD,2026-06-01,756.4,Diesel
QLD,2026-07-01,771.4,Diesel
QLD,2010-07-01,377.9,Petrol
QLD,2010-08-01,374.9,Petrol
QLD,2010-09-01,350.8,Petrol
QLD,2010-10-01,372.2,Petrol
QLD,2010-11-01,373.9,Petrol
QLD,2010-12-01,373.7,Petrol
QLD,2011-01-01,323.2,Petrol
QLD,2011-02-01,347.8,Petrol
QLD,2011-03-01,352.8,Petrol
QLD,2011-04-01,333.2,Petrol
QLD,2011-05-01,343.0,Petrol
QLD,2011-06-01,337.7,Petrol
QLD,2011-07-01,355.6,Petrol
QLD,2011-08-01,365.3,Petrol
QLD,2011-09-01,300.4,Petrol
QLD,2011-10-01,347.4,Petrol
QLD,2011-11-01,364.9,Petrol
QLD,2011-12-01,365.7,Petrol
QLD,2012-01-01,324.1,Petrol
QLD,2012-02-01,345.6,Petrol
QLD,2012-03-01,344.2,Petrol
QLD,2012-04-01,320.4,Petrol
QLD,2012-05-01,343.6,Petrol
QLD,2012-06-01,323.0,Petrol
QLD,2012-07-01,345.8,Petrol
QLD,2012-08-01,359.2,Petrol
QLD,2012-09-01,327.9,Petrol
QLD,2012-10-01,338.5,Petrol
QLD,2012-11-01,339.7,Petrol
QLD,2012-12-01,353.6,Petrol
QLD,2013-01-01,332.6,Petrol
QLD,2013-02-01,331.5,Petrol
QLD,2013-03-01,353.3,Petrol
QLD,2013-04-01,335.0,Petrol
QLD,2013-05-01,346.6,Petrol
QLD,2013-06-01,332.8,Petrol
QLD,2013-07-01,334.0,Petrol
QLD,2013-08-01,337.2,Petrol
QLD,2013-09-01,310.4,Petrol
QLD,2013-10-01,324.3,Petrol
QLD,2013-11-01,319.6,Petrol
QLD,2013-12-01,328.6,Petrol
QLD,2014-01-01,304.8,Petrol
QLD,2014-02-01,304.8,Petrol
QLD,2014-03-01,308.6,Petrol
QLD,2014-04-01,307.4,Petrol
QLD,2014-05-01,304.7,Petrol
QLD,2014-06-01,291.2,Petrol
QLD,2014-07-01,321.9,Petrol
QLD,2014-08-01,324.0,Petrol
QLD,2014-09-01,300.5,Petrol
QLD,2014-10-01,313.3,Petrol
QLD,2014-11-01,308.5,Petrol
QLD,2014-12-01,332.0,Petrol
QLD,2015-01-01,320.0,Petrol
QLD,2015-02-01,311.3,Petrol
QLD,2015-03-01,331.4,Petrol
QLD,2015-04-01,314.7,Petrol
QLD,2015-05-01,318.7,Petrol
QLD,2015-06-01,307.9,Petrol
QLD,2015-07-01,339.0,Petrol
QLD,2015-08-01,329.6,Petrol
QLD,2015-09-01,315.4,Petrol
QLD,2015-10-01,325.7,Petrol
QLD,2015-11-01,311.5,Petrol
QLD,2015-12-01,336.3,Petrol
QLD,2016-01-01,306.9,Petrol
QLD,2016-02-01,321.2,Petrol
QLD,2016-03-01,317.6,Petrol
QLD,2016-04-01,305.3,Petrol
QLD,2016-05-01,308.7,Petrol
QLD,2016-06-01,292.7,Petrol
QLD,2016-07-01,316.4,Petrol
QLD,2016-08-01,324.0,Petrol
QLD,2016-09-01,299.7,Petrol
QLD,2016-10-01,314.0,Petrol
QLD,2016-11-01,311.0,Petrol
QLD,2016-12-01,323.1,Petrol
QLD,2017-01-01,304.1,Petrol
QLD,2017-02-01,310.1,Petrol
QLD,2017-03-01,308.0,Petrol
QLD,2017-04-01,295.5,Petrol
QLD,2017-05-01,304.7,Petrol
QLD,2017-06-01,288.2,Petrol
QLD,2017-07-01,319.3,Petrol
QLD,2017-08-01,317.4,Petrol
QLD,2017-09-01,297.9,Petrol
QLD,2017-10-01,303.2,Petrol
QLD,2017-11-01,304.8,Petrol
QLD,2017-12-01,318.4,Petrol
QLD,2018-01-01,317.9,Petrol
QLD,2018-02-01,295.5,Petrol
QLD,2018-03-01,325.2,Petrol
QLD,2018-04-01,293.3,Petrol
QLD,2018-05-01,315.5,Petrol
QLD,2018-06-01,304.2,Petrol
QLD,2018-07-01,315.5,Petrol
QLD,2018-08-01,320.3,Petrol
QLD,2018-09-01,293.6,Petrol
QLD,2018-10-01,308.8,Petrol
QLD,2018-11-01,324.6,Petrol
QLD,2018-12-01,311.4,Petrol
QLD,2019-01-01,295.5,Petrol
QLD,2019-02-01,281.4,Petrol
QLD,2019-03-01,303.3,Petrol
QLD,2019-04-01,286.4,Petrol
QLD,2019-05-01,302.5,Petrol
QLD,2019-06-01,284.0,Petrol
QLD,2019-07-01,303.2,Petrol
QLD,2019-08-01,306.9,Petrol
QLD,2019-09-01,291.3,Petrol
QLD,2019-10-01,301.3,Petrol
QLD,2019-11-01,302.2,Petrol
QLD,2019-12-01,305.7,Petrol
QLD,2020-01-01,291.8,Petrol
QLD,2020-02-01,287.9,Petrol
QLD,2020-03-01,282.4,Petrol
QLD,2020-04-01,186.3,Petrol
QLD,2020-05-01,235.6,Petrol
QLD,2020-06-01,258.6,Petrol
QLD,2020-07-01,288.3,Petrol
QLD,2020-08-01,281.2,Petrol
QLD,2020-09-01,285.3,Petrol
QLD,2020-10-01,294.9,Petrol
QLD,2020-11-01,298.6,Petrol
QLD,2020-12-01,311.4,Petrol
QLD,2021-01-01,279.2,Petrol
QLD,2021-02-01,278.8,Petrol
QLD,2021-03-01,309.4,Petrol
QLD,2021-04-01,280.5,Petrol
QLD,2021-05-01,298.8,Petrol
QLD,2021-06-01,285.6,Petrol
QLD,2021-07-01,284.0,Petrol
QLD,2021-08-01,256.7,Petrol
QLD,2021-09-01,283.2,Petrol
QLD,2021-10-01,289.4,Petrol
QLD,2021-11-01,293.7,Petrol
QLD,2021-12-01,303.3,Petrol
QLD,2022-01-01,261.1,Petrol
QLD,2022-02-01,251.8,Petrol
QLD,2022-03-01,283.0,Petrol
QLD,2022-04-01,277.0,Petrol
QLD,2022-05-01,271.7,Petrol
QLD,2022-06-01,280.0,Petrol
QLD,2022-07-01,281.7,Petrol
QLD,2022-08-01,292.5,Petrol
QLD,2022-09-01,300.2,Petrol
QLD,2022-10-01,282.2,Petrol
QLD,2022-11-01,289.6,Petrol
QLD,2022-12-01,302.8,Petrol
QLD,2023-01-01,272.1,Petrol
QLD,2023-02-01,259.5,Petrol
QLD,2023-03-01,294.5,Petrol
QLD,2023-04-01,268.4,Petrol
QLD,2023-05-01,286.0,Petrol
QLD,2023-06-01,268.0,Petrol
QLD,2023-07-01,270.6,Petrol
QLD,2023-08-01,274.7,Petrol
QLD,2023-09-01,272.2,Petrol
QLD,2023-10-01,281.5,Petrol
QLD,2023-11-01,278.4,Petrol
QLD,2023-12-01,282.9,Petrol
QLD,2024-01-01,288.7,Petrol
QLD,2024-02-01,277.3,Petrol
QLD,2024-03-01,294.8,Petrol
QLD,2024-04-01,271.0,Petrol
QLD,2024-05-01,295.6,Petrol
QLD,2024-06-01,273.2,Petrol
QLD,2024-07-01,291.2,Petrol
QLD,2024-08-01,291.6,Petrol
QLD,2024-09-01,275.7,Petrol
QLD,2024-10-01,291.4,Petrol
QLD,2024-11-01,286.7,Petrol
QLD,2024-12-01,289.2,Petrol
QLD,2025-01-01,273.5,Petrol
QLD,2025-02-01,246.5,Petrol
QLD,2025-03-01,262.6,Petrol
QLD,2025-04-01,268.4,Petrol
QLD,2025-05-01,273.6,Petrol
QLD,2025-06-01,264.7,Petrol
QLD,2025-07-01,277.4,Petrol
QLD,2025-08-01,274.4,Petrol
QLD,2025-09-01,271.0,Petrol
QLD,2025-10-01,293.0,Petrol
QLD,2025-11-01,282.8,Petrol
QLD,2025-12-01,289.0,Petrol
QLD,2026-01-01,269.7,Petrol
QLD,2026-02-01,238.2,Petrol
QLD,2026-03-01,270.7,Petrol
QLD,2026-04-01,241.3,Petrol
QLD,2026-05-01,251.0,Petrol
QLD,2026-06-01,258.0,Petrol
QLD,2026-07-01,252.9,Petrol
SA,2010-07-01,115.8,Diesel
SA,2010-08-01,116.1,Diesel
SA,2010-09-01,116.6,Diesel
SA,2010-10-01,124.7,Diesel
SA,2010-11-01,137.7,Diesel
SA,2010-12-01,141.6,Diesel
SA,2011-01-01,119.6,Diesel
SA,2011-02-01,118.8,Diesel
SA,2011-03-01,138.3,Diesel
SA,2011-04-01,127.0,Diesel
SA,2011-05-01,138.5,Diesel
SA,2011-06-01,129.1,Diesel
SA,2011-07-01,117.3,Diesel
SA,2011-08-01,119.6,Diesel
SA,2011-09-01,121.4,Diesel
SA,2011-10-01,122.6,Diesel
SA,2011-11-01,141.7,Diesel
SA,2011-12-01,130.3,Diesel
SA,2012-01-01,116.8,Diesel
SA,2012-02-01,131.0,Diesel
SA,2012-03-01,136.9,Diesel
SA,2012-04-01,126.5,Diesel
SA,2012-05-01,149.5,Diesel
SA,2012-06-01,127.6,Diesel
SA,2012-07-01,119.4,Diesel
SA,2012-08-01,122.1,Diesel
SA,2012-09-01,114.0,Diesel
SA,2012-10-01,132.4,Diesel
SA,2012-11-01,146.7,Diesel
SA,2012-12-01,125.0,Diesel
SA,2013-01-01,127.2,Diesel
SA,2013-02-01,127.3,Diesel
SA,2013-03-01,135.2,Diesel
SA,2013-04-01,142.5,Diesel
SA,2013-05-01,155.3,Diesel
SA,2013-06-01,126.7,Diesel
SA,2013-07-01,138.2,Diesel
SA,2013-08-01,136.7,Diesel
SA,2013-09-01,133.8,Diesel
SA,2013-10-01,162.2,Diesel
SA,2013-11-01,171.7,Diesel
SA,2013-12-01,148.7,Diesel
SA,2014-01-01,139.1,Diesel
SA,2014-02-01,141.5,Diesel
SA,2014-03-01,150.1,Diesel
SA,2014-04-01,151.7,Diesel
SA,2014-05-01,169.3,Diesel
SA,2014-06-01,137.2,Diesel
SA,2014-07-01,135.9,Diesel
SA,2014-08-01,131.4,Diesel
SA,2014-09-01,132.8,Diesel
SA,2014-10-01,151.3,Diesel
SA,2014-11-01,159.2,Diesel
SA,2014-12-01,143.6,Diesel
SA,2015-01-01,133.0,Diesel
SA,2015-02-01,142.5,Diesel
SA,2015-03-01,144.5,Diesel
SA,2015-04-01,144.6,Diesel
SA,2015-05-01,146.3,Diesel
SA,2015-06-01,135.9,Diesel
SA,2015-07-01,133.7,Diesel
SA,2015-08-01,128.3,Diesel
SA,2015-09-01,139.3,Diesel
SA,2015-10-01,147.7,Diesel
SA,2015-11-01,161.0,Diesel
SA,2015-12-01,144.0,Diesel
SA,2016-01-01,129.9,Diesel
SA,2016-02-01,145.1,Diesel
SA,2016-03-01,143.6,Diesel
SA,2016-04-01,137.7,Diesel
SA,2016-05-01,146.9,Diesel
SA,2016-06-01,132.1,Diesel
SA,2016-07-01,129.5,Diesel
SA,2016-08-01,130.1,Diesel
SA,2016-09-01,120.3,Diesel
SA,2016-10-01,132.4,Diesel
SA,2016-11-01,154.6,Diesel
SA,2016-12-01,152.2,Diesel
SA,2017-01-01,135.0,Diesel
SA,2017-02-01,132.6,Diesel
SA,2017-03-01,148.7,Diesel
SA,2017-04-01,136.1,Diesel
SA,2017-05-01,162.4,Diesel
SA,2017-06-01,139.3,Diesel
SA,2017-07-01,128.7,Diesel
SA,2017-08-01,135.1,Diesel
SA,2017-09-01,137.2,Diesel
SA,2017-10-01,150.1,Diesel
SA,2017-11-01,165.8,Diesel
SA,2017-12-01,149.5,Diesel
SA,2018-01-01,146.4,Diesel
SA,2018-02-01,145.6,Diesel
SA,2018-03-01,163.7,Diesel
SA,2018-04-01,156.9,Diesel
SA,2018-05-01,176.1,Diesel
SA,2018-06-01,149.2,Diesel
SA,2018-07-01,149.7,Diesel
SA,2018-08-01,149.8,Diesel
SA,2018-09-01,141.8,Diesel
SA,2018-10-01,159.0,Diesel
SA,2018-11-01,164.3,Diesel
SA,2018-12-01,146.0,Diesel
SA,2019-01-01,139.0,Diesel
SA,2019-02-01,134.5,Diesel
SA,2019-03-01,146.5,Diesel
SA,2019-04-01,145.5,Diesel
SA,2019-05-01,161.7,Diesel
SA,2019-06-01,140.4,Diesel
SA,2019-07-01,143.6,Diesel
SA,2019-08-01,142.7,Diesel
SA,2019-09-01,149.8,Diesel
SA,2019-10-01,159.6,Diesel
SA,2019-11-01,166.7,Diesel
SA,2019-12-01,146.6,Diesel
SA,2020-01-01,140.9,Diesel
SA,2020-02-01,144.9,Diesel
SA,2020-03-01,169.6,Diesel
SA,2020-04-01,134.2,Diesel
SA,2020-05-01,157.0,Diesel
SA,2020-06-01,140.9,Diesel
SA,2020-07-01,139.2,Diesel
SA,2020-08-01,135.7,Diesel
SA,2020-09-01,140.4,Diesel
SA,2020-10-01,152.6,Diesel
SA,2020-11-01,167.4,Diesel
SA,2020-12-01,151.8,Diesel
SA,2021-01-01,138.7,Diesel
SA,2021-02-01,144.7,Diesel
SA,2021-03-01,166.4,Diesel
SA,2021-04-01,157.4,Diesel
SA,2021-05-01,162.0,Diesel
SA,2021-06-01,159.9,Diesel
SA,2021-07-01,146.6,Diesel
SA,2021-08-01,148.1,Diesel
SA,2021-09-01,150.5,Diesel
SA,2021-10-01,156.9,Diesel
SA,2021-11-01,162.0,Diesel
SA,2021-12-01,171.2,Diesel
SA,2022-01-01,137.8,Diesel
SA,2022-02-01,158.3,Diesel
SA,2022-03-01,174.9,Diesel
SA,2022-04-01,151.5,Diesel
SA,2022-05-01,174.7,Diesel
SA,2022-06-01,170.2,Diesel
SA,2022-07-01,161.2,Diesel
SA,2022-08-01,156.7,Diesel
SA,2022-09-01,156.0,Diesel
SA,2022-10-01,148.9,Diesel
SA,2022-11-01,172.2,Diesel
SA,2022-12-01,189.1,Diesel
SA,2023-01-01,164.7,Diesel
SA,2023-02-01,153.0,Diesel
SA,2023-03-01,175.4,Diesel
SA,2023-04-01,160.5,Diesel
SA,2023-05-01,191.4,Diesel
SA,2023-06-01,163.8,Diesel
SA,2023-07-01,153.7,Diesel
SA,2023-08-01,163.5,Diesel
SA,2023-09-01,155.0,Diesel
SA,2023-10-01,177.6,Diesel
SA,2023-11-01,179.7,Diesel
SA,2023-12-01,153.4,Diesel
SA,2024-01-01,156.7,Diesel
SA,2024-02-01,159.9,Diesel
SA,2024-03-01,167.9,Diesel
SA,2024-04-01,173.9,Diesel
SA,2024-05-01,182.9,Diesel
SA,2024-06-01,161.3,Diesel
SA,2024-07-01,157.4,Diesel
SA,2024-08-01,162.2,Diesel
SA,2024-09-01,155.1,Diesel
SA,2024-10-01,174.3,Diesel
SA,2024-11-01,171.4,Diesel
SA,2024-12-01,151.7,Diesel
SA,2025-01-01,145.7,Diesel
SA,2025-02-01,142.1,Diesel
SA,2025-03-01,152.3,Diesel
SA,2025-04-01,158.6,Diesel
SA,2025-05-01,169.2,Diesel
SA,2025-06-01,162.0,Diesel
SA,2025-07-01,152.0,Diesel
SA,2025-08-01,143.5,Diesel
SA,2025-09-01,143.0,Diesel
SA,2025-10-01,164.1,Diesel
SA,2025-11-01,164.6,Diesel
SA,2025-12-01,172.1,Diesel
SA,2026-01-01,151.5,Diesel
SA,2026-02-01,151.1,Diesel
SA,2026-03-01,184.3,Diesel
SA,2026-04-01,168.1,Diesel
SA,2026-05-01,167.6,Diesel
SA,2026-06-01,172.8,Diesel
SA,2026-07-01,179.1,Diesel
SA,2010-07-01,113.4,Petrol
SA,2010-08-01,113.6,Petrol
SA,2010-09-01,107.3,Petrol
SA,2010-10-01,106.6,Petrol
SA,2010-11-01,109.3,Petrol
SA,2010-12-01,118.1,Petrol
SA,2011-01-01,103.9,Petrol
SA,2011-02-01,108.3,Petrol
SA,2011-03-01,114.1,Petrol
SA,2011-04-01,107.0,Petrol
SA,2011-05-01,106.8,Petrol
SA,2011-06-01,104.2,Petrol
SA,2011-07-01,109.6,Petrol
SA,2011-08-01,113.4,Petrol
SA,2011-09-01,109.6,Petrol
SA,2011-10-01,105.5,Petrol
SA,2011-11-01,114.6,Petrol
SA,2011-12-01,117.3,Petrol
SA,2012-01-01,104.6,Petrol
SA,2012-02-01,110.4,Petrol
SA,2012-03-01,110.1,Petrol
SA,2012-04-01,103.1,Petrol
SA,2012-05-01,112.8,Petrol
SA,2012-06-01,103.2,Petrol
SA,2012-07-01,109.4,Petrol
SA,2012-08-01,111.3,Petrol
SA,2012-09-01,102.5,Petrol
SA,2012-10-01,107.8,Petrol
SA,2012-11-01,112.5,Petrol
SA,2012-12-01,111.5,Petrol
SA,2013-01-01,105.3,Petrol
SA,2013-02-01,101.9,Petrol
SA,2013-03-01,110.9,Petrol
SA,2013-04-01,105.0,Petrol
SA,2013-05-01,106.3,Petrol
SA,2013-06-01,104.7,Petrol
SA,2013-07-01,108.2,Petrol
SA,2013-08-01,112.9,Petrol
SA,2013-09-01,104.9,Petrol
SA,2013-10-01,107.8,Petrol
SA,2013-11-01,110.9,Petrol
SA,2013-12-01,111.6,Petrol
SA,2014-01-01,105.6,Petrol
SA,2014-02-01,103.9,Petrol
SA,2014-03-01,105.6,Petrol
SA,2014-04-01,107.8,Petrol
SA,2014-05-01,105.8,Petrol
SA,2014-06-01,97.4,Petrol
SA,2014-07-01,108.1,Petrol
SA,2014-08-01,112.0,Petrol
SA,2014-09-01,101.6,Petrol
SA,2014-10-01,109.2,Petrol
SA,2014-11-01,101.9,Petrol
SA,2014-12-01,115.0,Petrol
SA,2015-01-01,104.7,Petrol
SA,2015-02-01,101.2,Petrol
SA,2015-03-01,106.8,Petrol
SA,2015-04-01,101.3,Petrol
SA,2015-05-01,102.6,Petrol
SA,2015-06-01,100.3,Petrol
SA,2015-07-01,106.3,Petrol
SA,2015-08-01,106.8,Petrol
SA,2015-09-01,102.9,Petrol
SA,2015-10-01,106.2,Petrol
SA,2015-11-01,102.8,Petrol
SA,2015-12-01,115.1,Petrol
SA,2016-01-01,101.0,Petrol
SA,2016-02-01,104.8,Petrol
SA,2016-03-01,106.8,Petrol
SA,2016-04-01,100.0,Petrol
SA,2016-05-01,100.7,Petrol
SA,2016-06-01,100.5,Petrol
SA,2016-07-01,106.3,Petrol
SA,2016-08-01,105.0,Petrol
SA,2016-09-01,98.0,Petrol
SA,2016-10-01,103.6,Petrol
SA,2016-11-01,109.5,Petrol
SA,2016-12-01,109.4,Petrol
SA,2017-01-01,105.1,Petrol
SA,2017-02-01,100.2,Petrol
SA,2017-03-01,109.7,Petrol
SA,2017-04-01,96.5,Petrol
SA,2017-05-01,109.5,Petrol
SA,2017-06-01,102.7,Petrol
SA,2017-07-01,105.1,Petrol
SA,2017-08-01,101.4,Petrol
SA,2017-09-01,101.2,Petrol
SA,2017-10-01,104.9,Petrol
SA,2017-11-01,103.1,Petrol
SA,2017-12-01,112.8,Petrol
SA,2018-01-01,105.3,Petrol
SA,2018-02-01,96.4,Petrol
SA,2018-03-01,107.9,Petrol
SA,2018-04-01,99.1,Petrol
SA,2018-05-01,104.6,Petrol
SA,2018-06-01,100.5,Petrol
SA,2018-07-01,100.9,Petrol
SA,2018-08-01,104.6,Petrol
SA,2018-09-01,97.2,Petrol
SA,2018-10-01,103.3,Petrol
SA,2018-11-01,108.7,Petrol
SA,2018-12-01,105.7,Petrol
SA,2019-01-01,95.3,Petrol
SA,2019-02-01,88.9,Petrol
SA,2019-03-01,99.2,Petrol
SA,2019-04-01,92.9,Petrol
SA,2019-05-01,95.5,Petrol
SA,2019-06-01,94.6,Petrol
SA,2019-07-01,96.2,Petrol
SA,2019-08-01,104.2,Petrol
SA,2019-09-01,94.2,Petrol
SA,2019-10-01,103.7,Petrol
SA,2019-11-01,100.0,Petrol
SA,2019-12-01,103.5,Petrol
SA,2020-01-01,98.2,Petrol
SA,2020-02-01,93.9,Petrol
SA,2020-03-01,99.8,Petrol
SA,2020-04-01,60.8,Petrol
SA,2020-05-01,77.5,Petrol
SA,2020-06-01,85.6,Petrol
SA,2020-07-01,97.1,Petrol
SA,2020-08-01,93.9,Petrol
SA,2020-09-01,92.7,Petrol
SA,2020-10-01,95.6,Petrol
SA,2020-11-01,86.9,Petrol
SA,2020-12-01,100.9,Petrol
SA,2021-01-01,90.6,Petrol
SA,2021-02-01,84.2,Petrol
SA,2021-03-01,97.5,Petrol
SA,2021-04-01,89.3,Petrol
SA,2021-05-01,92.0,Petrol
SA,2021-06-01,87.7,Petrol
SA,2021-07-01,71.6,Petrol
SA,2021-08-01,89.6,Petrol
SA,2021-09-01,84.5,Petrol
SA,2021-10-01,85.3,Petrol
SA,2021-11-01,93.6,Petrol
SA,2021-12-01,98.0,Petrol
SA,2022-01-01,82.0,Petrol
SA,2022-02-01,82.3,Petrol
SA,2022-03-01,89.8,Petrol
SA,2022-04-01,84.0,Petrol
SA,2022-05-01,87.2,Petrol
SA,2022-06-01,84.0,Petrol
SA,2022-07-01,89.6,Petrol
SA,2022-08-01,85.6,Petrol
SA,2022-09-01,89.1,Petrol
SA,2022-10-01,87.0,Petrol
SA,2022-11-01,86.7,Petrol
SA,2022-12-01,96.9,Petrol
SA,2023-01-01,87.7,Petrol
SA,2023-02-01,85.9,Petrol
SA,2023-03-01,94.2,Petrol
SA,2023-04-01,83.8,Petrol
SA,2023-05-01,90.8,Petrol
SA,2023-06-01,83.2,Petrol
SA,2023-07-01,84.7,Petrol
SA,2023-08-01,90.0,Petrol
SA,2023-09-01,82.8,Petrol
SA,2023-10-01,90.6,Petrol
SA,2023-11-01,89.7,Petrol
SA,2023-12-01,87.0,Petrol
SA,2024-01-01,87.7,Petrol
SA,2024-02-01,88.3,Petrol
SA,2024-03-01,89.4,Petrol
SA,2024-04-01,84.1,Petrol
SA,2024-05-01,94.3,Petrol
SA,2024-06-01,81.2,Petrol
SA,2024-07-01,87.4,Petrol
SA,2024-08-01,89.2,Petrol
SA,2024-09-01,84.8,Petrol
SA,2024-10-01,86.7,Petrol
SA,2024-11-01,88.9,Petrol
SA,2024-12-01,85.9,Petrol
SA,2025-01-01,84.6,Petrol
SA,2025-02-01,78.0,Petrol
SA,2025-03-01,85.2,Petrol
SA,2025-04-01,82.3,Petrol
SA,2025-05-01,78.8,Petrol
SA,2025-06-01,75.0,Petrol
SA,2025-07-01,79.4,Petrol
SA,2025-08-01,83.3,Petrol
SA,2025-09-01,78.2,Petrol
SA,2025-10-01,85.7,Petrol
SA,2025-11-01,78.7,Petrol
SA,2025-12-01,87.7,Petrol
SA,2026-01-01,84.2,Petrol
SA,2026-02-01,78.2,Petrol
SA,2026-03-01,87.0,Petrol
SA,2026-04-01,77.1,Petrol
SA,2026-05-01,75.4,Petrol
SA,2026-06-01,75.7,Petrol
SA,2026-07-01,73.3,Petrol
TAS,2010-07-01,32.1,Diesel
TAS,2010-08-01,30.3,Diesel
TAS,2010-09-01,29.8,Diesel
TAS,2010-10-01,34.4,Diesel
TAS,2010-11-01,36.6,Diesel
TAS,2010-12-01,35.3,Diesel
TAS,2011-01-01,33.0,Diesel
TAS,2011-02-01,37.2,Diesel
TAS,2011-03-01,36.1,Diesel
TAS,2011-04-01,30.7,Diesel
TAS,2011-05-01,31.2,Diesel
TAS,2011-06-01,28.2,Diesel
TAS,2011-07-01,29.7,Diesel
TAS,2011-08-01,30.3,Diesel
TAS,2011-09-01,30.5,Diesel
TAS,2011-10-01,34.0,Diesel
TAS,2011-11-01,34.9,Diesel
TAS,2011-12-01,34.4,Diesel
TAS,2012-01-01,34.9,Diesel
TAS,2012-02-01,35.4,Diesel
TAS,2012-03-01,36.3,Diesel
TAS,2012-04-01,30.1,Diesel
TAS,2012-05-01,31.8,Diesel
TAS,2012-06-01,28.2,Diesel
TAS,2012-07-01,30.0,Diesel
TAS,2012-08-01,30.9,Diesel
TAS,2012-09-01,29.6,Diesel
TAS,2012-10-01,32.8,Diesel
TAS,2012-11-01,35.4,Diesel
TAS,2012-12-01,33.9,Diesel
TAS,2013-01-01,39.4,Diesel
TAS,2013-02-01,35.2,Diesel
TAS,2013-03-01,34.8,Diesel
TAS,2013-04-01,33.9,Diesel
TAS,2013-05-01,34.0,Diesel
TAS,2013-06-01,30.6,Diesel
TAS,2013-07-01,33.5,Diesel
TAS,2013-08-01,32.7,Diesel
TAS,2013-09-01,33.8,Diesel
TAS,2013-10-01,36.4,Diesel
TAS,2013-11-01,37.3,Diesel
TAS,2013-12-01,39.2,Diesel
TAS,2014-01-01,40.2,Diesel
TAS,2014-02-01,37.6,Diesel
TAS,2014-03-01,38.2,Diesel
TAS,2014-04-01,35.7,Diesel
TAS,2014-05-01,36.7,Diesel
TAS,2014-06-01,32.6,Diesel
TAS,2014-07-01,33.5,Diesel
TAS,2014-08-01,33.5,Diesel
TAS,2014-09-01,34.3,Diesel
TAS,2014-10-01,37.5,Diesel
TAS,2014-11-01,38.8,Diesel
TAS,2014-12-01,37.4,Diesel
TAS,2015-01-01,41.3,Diesel
TAS,2015-02-01,41.4,Diesel
TAS,2015-03-01,41.9,Diesel
TAS,2015-04-01,37.8,Diesel
TAS,2015-05-01,36.2,Diesel
TAS,2015-06-01,35.9,Diesel
TAS,2015-07-01,34.8,Diesel
TAS,2015-08-01,32.7,Diesel
TAS,2015-09-01,35.5,Diesel
TAS,2015-10-01,37.9,Diesel
TAS,2015-11-01,42.0,Diesel
TAS,2015-12-01,41.4,Diesel
TAS,2016-01-01,37.3,Diesel
TAS,2016-02-01,41.7,Diesel
TAS,2016-03-01,41.7,Diesel
TAS,2016-04-01,48.8,Diesel
TAS,2016-05-01,37.1,Diesel
TAS,2016-06-01,34.3,Diesel
TAS,2016-07-01,32.8,Diesel
TAS,2016-08-01,34.7,Diesel
TAS,2016-09-01,38.1,Diesel
TAS,2016-10-01,38.0,Diesel
TAS,2016-11-01,40.8,Diesel
TAS,2016-12-01,41.6,Diesel
TAS,2017-01-01,41.9,Diesel
TAS,2017-02-01,41.7,Diesel
TAS,2017-03-01,42.9,Diesel
TAS,2017-04-01,37.6,Diesel
TAS,2017-05-01,40.2,Diesel
TAS,2017-06-01,38.3,Diesel
TAS,2017-07-01,34.6,Diesel
TAS,2017-08-01,35.7,Diesel
TAS,2017-09-01,36.0,Diesel
TAS,2017-10-01,40.2,Diesel
TAS,2017-11-01,42.4,Diesel
TAS,2017-12-01,39.8,Diesel
TAS,2018-01-01,45.5,Diesel
TAS,2018-02-01,45.7,Diesel
TAS,2018-03-01,48.4,Diesel
TAS,2018-04-01,41.0,Diesel
TAS,2018-05-01,45.2,Diesel
TAS,2018-06-01,41.4,Diesel
TAS,2018-07-01,40.4,Diesel
TAS,2018-08-01,42.6,Diesel
TAS,2018-09-01,41.1,Diesel
TAS,2018-10-01,49.8,Diesel
TAS,2018-11-01,49.6,Diesel
TAS,2018-12-01,44.2,Diesel
TAS,2019-01-01,50.7,Diesel
TAS,2019-02-01,45.3,Diesel
TAS,2019-03-01,49.3,Diesel
TAS,2019-04-01,45.5,Diesel
TAS,2019-05-01,47.6,Diesel
TAS,2019-06-01,41.5,Diesel
TAS,2019-07-01,44.4,Diesel
TAS,2019-08-01,44.1,Diesel
TAS,2019-09-01,43.4,Diesel
TAS,2019-10-01,50.2,Diesel
TAS,2019-11-01,50.6,Diesel
TAS,2019-12-01,47.5,Diesel
TAS,2020-01-01,51.3,Diesel
TAS,2020-02-01,49.2,Diesel
TAS,2020-03-01,52.7,Diesel
TAS,2020-04-01,39.3,Diesel
TAS,2020-05-01,42.2,Diesel
TAS,2020-06-01,43.5,Diesel
TAS,2020-07-01,57.6,Diesel
TAS,2020-08-01,44.2,Diesel
TAS,2020-09-01,45.3,Diesel
TAS,2020-10-01,47.0,Diesel
TAS,2020-11-01,49.3,Diesel
TAS,2020-12-01,52.9,Diesel
TAS,2021-01-01,48.3,Diesel
TAS,2021-02-01,48.3,Diesel
TAS,2021-03-01,50.6,Diesel
TAS,2021-04-01,47.8,Diesel
TAS,2021-05-01,47.9,Diesel
TAS,2021-06-01,46.4,Diesel
TAS,2021-07-01,44.4,Diesel
TAS,2021-08-01,46.5,Diesel
TAS,2021-09-01,47.5,Diesel
TAS,2021-10-01,48.0,Diesel
TAS,2021-11-01,49.6,Diesel
TAS,2021-12-01,59.0,Diesel
TAS,2022-01-01,50.1,Diesel
TAS,2022-02-01,45.3,Diesel
TAS,2022-03-01,56.1,Diesel
TAS,2022-04-01,42.4,Diesel
TAS,2022-05-01,42.9,Diesel
TAS,2022-06-01,42.9,Diesel
TAS,2022-07-01,38.6,Diesel
TAS,2022-08-01,44.2,Diesel
TAS,2022-09-01,44.8,Diesel
TAS,2022-10-01,41.8,Diesel
TAS,2022-11-01,51.4,Diesel
TAS,2022-12-01,49.7,Diesel
TAS,2023-01-01,50.1,Diesel
TAS,2023-02-01,46.7,Diesel
TAS,2023-03-01,55.7,Diesel
TAS,2023-04-01,43.7,Diesel
TAS,2023-05-01,48.2,Diesel
TAS,2023-06-01,43.9,Diesel
TAS,2023-07-01,40.5,Diesel
TAS,2023-08-01,49.1,Diesel
TAS,2023-09-01,42.1,Diesel
TAS,2023-10-01,54.7,Diesel
TAS,2023-11-01,49.1,Diesel
TAS,2023-12-01,47.1,Diesel
TAS,2024-01-01,47.4,Diesel
TAS,2024-02-01,51.6,Diesel
TAS,2024-03-01,56.5,Diesel
TAS,2024-04-01,45.0,Diesel
TAS,2024-05-01,42.7,Diesel
TAS,2024-06-01,39.1,Diesel
TAS,2024-07-01,40.9,Diesel
TAS,2024-08-01,44.4,Diesel
TAS,2024-09-01,40.9,Diesel
TAS,2024-10-01,47.4,Diesel
TAS,2024-11-01,52.3,Diesel
TAS,2024-12-01,51.4,Diesel
TAS,2025-01-01,52.2,Diesel
TAS,2025-02-01,53.4,Diesel
TAS,2025-03-01,51.4,Diesel
TAS,2025-04-01,48.1,Diesel
TAS,2025-05-01,52.3,Diesel
TAS,2025-06-01,45.6,Diesel
TAS,2025-07-01,46.5,Diesel
TAS,2025-08-01,46.0,Diesel
TAS,2025-09-01,49.5,Diesel
TAS,2025-10-01,55.4,Diesel
TAS,2025-11-01,52.7,Diesel
TAS,2025-12-01,52.8,Diesel
TAS,2026-01-01,53.6,Diesel
TAS,2026-02-01,56.4,Diesel
TAS,2026-03-01,60.8,Diesel
TAS,2026-04-01,52.9,Diesel
TAS,2026-05-01,51.0,Diesel
TAS,2026-06-01,53.3,Diesel
TAS,2026-07-01,53.5,Diesel
TAS,2010-07-01,33.7,Petrol
TAS,2010-08-01,32.3,Petrol
TAS,2010-09-01,29.9,Petrol
TAS,2010-10-01,31.2,Petrol
TAS,2010-11-01,34.1,Petrol
TAS,2010-12-01,36.4,Petrol
TAS,2011-01-01,32.3,Petrol
TAS,2011-02-01,32.7,Petrol
TAS,2011-03-01,34.3,Petrol
TAS,2011-04-01,31.7,Petrol
TAS,2011-05-01,30.9,Petrol
TAS,2011-06-01,29.2,Petrol
TAS,2011-07-01,30.4,Petrol
TAS,2011-08-01,32.1,Petrol
TAS,2011-09-01,30.1,Petrol
TAS,2011-10-01,31.0,Petrol
TAS,2011-11-01,34.5,Petrol
TAS,2011-12-01,36.7,Petrol
TAS,2012-01-01,33.1,Petrol
TAS,2012-02-01,33.6,Petrol
TAS,2012-03-01,33.8,Petrol
TAS,2012-04-01,28.7,Petrol
TAS,2012-05-01,30.7,Petrol
TAS,2012-06-01,28.0,Petrol
TAS,2012-07-01,30.8,Petrol
TAS,2012-08-01,30.9,Petrol
TAS,2012-09-01,27.1,Petrol
TAS,2012-10-01,31.8,Petrol
TAS,2012-11-01,31.8,Petrol
TAS,2012-12-01,33.1,Petrol
TAS,2013-01-01,30.9,Petrol
TAS,2013-02-01,29.2,Petrol
TAS,2013-03-01,29.9,Petrol
TAS,2013-04-01,28.8,Petrol
TAS,2013-05-01,29.3,Petrol
TAS,2013-06-01,26.2,Petrol
TAS,2013-07-01,37.5,Petrol
TAS,2013-08-01,37.5,Petrol
TAS,2013-09-01,35.0,Petrol
TAS,2013-10-01,37.6,Petrol
TAS,2013-11-01,38.7,Petrol
TAS,2013-12-01,42.3,Petrol
TAS,2014-01-01,39.1,Petrol
TAS,2014-02-01,38.1,Petrol
TAS,2014-03-01,37.5,Petrol
TAS,2014-04-01,36.3,Petrol
TAS,2014-05-01,36.2,Petrol
TAS,2014-06-01,33.4,Petrol
TAS,2014-07-01,36.7,Petrol
TAS,2014-08-01,36.6,Petrol
TAS,2014-09-01,35.6,Petrol
TAS,2014-10-01,37.1,Petrol
TAS,2014-11-01,36.1,Petrol
TAS,2014-12-01,41.6,Petrol
TAS,2015-01-01,38.4,Petrol
TAS,2015-02-01,37.2,Petrol
TAS,2015-03-01,37.2,Petrol
TAS,2015-04-01,35.2,Petrol
TAS,2015-05-01,34.0,Petrol
TAS,2015-06-01,33.2,Petrol
TAS,2015-07-01,35.6,Petrol
TAS,2015-08-01,34.1,Petrol
TAS,2015-09-01,33.9,Petrol
TAS,2015-10-01,35.8,Petrol
TAS,2015-11-01,34.7,Petrol
TAS,2015-12-01,40.2,Petrol
TAS,2016-01-01,35.8,Petrol
TAS,2016-02-01,37.1,Petrol
TAS,2016-03-01,36.2,Petrol
TAS,2016-04-01,31.0,Petrol
TAS,2016-05-01,32.5,Petrol
TAS,2016-06-01,30.6,Petrol
TAS,2016-07-01,33.1,Petrol
TAS,2016-08-01,33.2,Petrol
TAS,2016-09-01,32.9,Petrol
TAS,2016-10-01,32.1,Petrol
TAS,2016-11-01,34.2,Petrol
TAS,2016-12-01,38.6,Petrol
TAS,2017-01-01,34.8,Petrol
TAS,2017-02-01,35.3,Petrol
TAS,2017-03-01,35.7,Petrol
TAS,2017-04-01,31.7,Petrol
TAS,2017-05-01,32.6,Petrol
TAS,2017-06-01,31.4,Petrol
TAS,2017-07-01,28.2,Petrol
TAS,2017-08-01,29.4,Petrol
TAS,2017-09-01,27.8,Petrol
TAS,2017-10-01,29.1,Petrol
TAS,2017-11-01,30.0,Petrol
TAS,2017-12-01,32.6,Petrol
TAS,2018-01-01,33.8,Petrol
TAS,2018-02-01,30.6,Petrol
TAS,2018-03-01,33.3,Petrol
TAS,2018-04-01,29.1,Petrol
TAS,2018-05-01,32.4,Petrol
TAS,2018-06-01,29.8,Petrol
TAS,2018-07-01,30.4,Petrol
TAS,2018-08-01,31.5,Petrol
TAS,2018-09-01,30.3,Petrol
TAS,2018-10-01,33.9,Petrol
TAS,2018-11-01,33.2,Petrol
TAS,2018-12-01,33.4,Petrol
TAS,2019-01-01,33.0,Petrol
TAS,2019-02-01,30.3,Petrol
TAS,2019-03-01,32.1,Petrol
TAS,2019-04-01,30.5,Petrol
TAS,2019-05-01,31.1,Petrol
TAS,2019-06-01,28.3,Petrol
TAS,2019-07-01,29.9,Petrol
TAS,2019-08-01,29.9,Petrol
TAS,2019-09-01,29.3,Petrol
TAS,2019-10-01,31.7,Petrol
TAS,2019-11-01,31.0,Petrol
TAS,2019-12-01,33.9,Petrol
TAS,2020-01-01,33.4,Petrol
TAS,2020-02-01,30.4,Petrol
TAS,2020-03-01,30.4,Petrol
TAS,2020-04-01,15.4,Petrol
TAS,2020-05-01,21.8,Petrol
TAS,2020-06-01,24.5,Petrol
TAS,2020-07-01,28.5,Petrol
TAS,2020-08-01,27.9,Petrol
TAS,2020-09-01,28.1,Petrol
TAS,2020-10-01,29.2,Petrol
TAS,2020-11-01,30.0,Petrol
TAS,2020-12-01,33.0,Petrol
TAS,2021-01-01,31.6,Petrol
TAS,2021-02-01,28.5,Petrol
TAS,2021-03-01,31.5,Petrol
TAS,2021-04-01,30.1,Petrol
TAS,2021-05-01,30.7,Petrol
TAS,2021-06-01,29.3,Petrol
TAS,2021-07-01,28.8,Petrol
TAS,2021-08-01,28.4,Petrol
TAS,2021-09-01,29.2,Petrol
TAS,2021-10-01,28.7,Petrol
TAS,2021-11-01,29.7,Petrol
TAS,2021-12-01,32.9,Petrol
TAS,2022-01-01,28.9,Petrol
TAS,2022-02-01,26.8,Petrol
TAS,2022-03-01,31.7,Petrol
TAS,2022-04-01,27.0,Petrol
TAS,2022-05-01,27.1,Petrol
TAS,2022-06-01,26.1,Petrol
TAS,2022-07-01,25.4,Petrol
TAS,2022-08-01,26.7,Petrol
TAS,2022-09-01,28.4,Petrol
TAS,2022-10-01,25.9,Petrol
TAS,2022-11-01,28.5,Petrol
TAS,2022-12-01,30.4,Petrol
TAS,2023-01-01,29.3,Petrol
TAS,2023-02-01,26.5,Petrol
TAS,2023-03-01,29.6,Petrol
TAS,2023-04-01,25.3,Petrol
TAS,2023-05-01,27.1,Petrol
TAS,2023-06-01,24.5,Petrol
TAS,2023-07-01,24.5,Petrol
TAS,2023-08-01,27.1,Petrol
TAS,2023-09-01,24.9,Petrol
TAS,2023-10-01,27.2,Petrol
TAS,2023-11-01,27.7,Petrol
TAS,2023-12-01,28.4,Petrol
TAS,2024-01-01,28.1,Petrol
TAS,2024-02-01,26.3,Petrol
TAS,2024-03-01,29.7,Petrol
TAS,2024-04-01,25.0,Petrol
TAS,2024-05-01,25.0,Petrol
TAS,2024-06-01,23.0,Petrol
TAS,2024-07-01,24.3,Petrol
TAS,2024-08-01,24.8,Petrol
TAS,2024-09-01,23.9,Petrol
TAS,2024-10-01,25.1,Petrol
TAS,2024-11-01,26.9,Petrol
TAS,2024-12-01,29.3,Petrol
TAS,2025-01-01,28.6,Petrol
TAS,2025-02-01,26.1,Petrol
TAS,2025-03-01,27.2,Petrol
TAS,2025-04-01,25.7,Petrol
TAS,2025-05-01,25.8,Petrol
TAS,2025-06-01,23.4,Petrol
TAS,2025-07-01,24.0,Petrol
TAS,2025-08-01,24.2,Petrol
TAS,2025-09-01,24.3,Petrol
TAS,2025-10-01,25.9,Petrol
TAS,2025-11-01,25.3,Petrol
TAS,2025-12-01,28.6,Petrol
TAS,2026-01-01,27.6,Petrol
TAS,2026-02-01,25.1,Petrol
TAS,2026-03-01,28.1,Petrol
TAS,2026-04-01,24.2,Petrol
TAS,2026-05-01,24.1,Petrol
TAS,2026-06-01,25.6,Petrol
TAS,2026-07-01,23.7,Petrol
VIC,2010-07-01,267.6,Diesel
VIC,2010-08-01,261.2,Diesel
VIC,2010-09-01,265.2,Diesel
VIC,2010-10-01,289.8,Diesel
VIC,2010-11-01,312.1,Diesel
VIC,2010-12-01,299.8,Diesel
VIC,2011-01-01,267.0,Diesel
VIC,2011-02-01,288.0,Diesel
VIC,2011-03-01,315.7,Diesel
VIC,2011-04-01,286.7,Diesel
VIC,2011-05-01,321.4,Diesel
VIC,2011-06-01,291.6,Diesel
VIC,2011-07-01,285.8,Diesel
VIC,2011-08-01,304.2,Diesel
VIC,2011-09-01,308.2,Diesel
VIC,2011-10-01,309.3,Diesel
VIC,2011-11-01,345.1,Diesel
VIC,2011-12-01,328.0,Diesel
VIC,2012-01-01,291.4,Diesel
VIC,2012-02-01,323.0,Diesel
VIC,2012-03-01,331.4,Diesel
VIC,2012-04-01,309.6,Diesel
VIC,2012-05-01,346.5,Diesel
VIC,2012-06-01,302.4,Diesel
VIC,2012-07-01,324.5,Diesel
VIC,2012-08-01,332.1,Diesel
VIC,2012-09-01,317.3,Diesel
VIC,2012-10-01,352.3,Diesel
VIC,2012-11-01,367.8,Diesel
VIC,2012-12-01,325.0,Diesel
VIC,2013-01-01,311.6,Diesel
VIC,2013-02-01,326.4,Diesel
VIC,2013-03-01,337.7,Diesel
VIC,2013-04-01,336.6,Diesel
VIC,2013-05-01,362.9,Diesel
VIC,2013-06-01,314.7,Diesel
VIC,2013-07-01,320.8,Diesel
VIC,2013-08-01,316.2,Diesel
VIC,2013-09-01,313.8,Diesel
VIC,2013-10-01,353.9,Diesel
VIC,2013-11-01,362.7,Diesel
VIC,2013-12-01,343.7,Diesel
VIC,2014-01-01,319.0,Diesel
VIC,2014-02-01,339.1,Diesel
VIC,2014-03-01,357.0,Diesel
VIC,2014-04-01,337.2,Diesel
VIC,2014-05-01,373.8,Diesel
VIC,2014-06-01,324.4,Diesel
VIC,2014-07-01,341.4,Diesel
VIC,2014-08-01,336.0,Diesel
VIC,2014-09-01,350.8,Diesel
VIC,2014-10-01,387.3,Diesel
VIC,2014-11-01,379.3,Diesel
VIC,2014-12-01,372.5,Diesel
VIC,2015-01-01,334.0,Diesel
VIC,2015-02-01,371.1,Diesel
VIC,2015-03-01,388.7,Diesel
VIC,2015-04-01,358.6,Diesel
VIC,2015-05-01,375.6,Diesel
VIC,2015-06-01,353.1,Diesel
VIC,2015-07-01,342.6,Diesel
VIC,2015-08-01,338.4,Diesel
VIC,2015-09-01,362.0,Diesel
VIC,2015-10-01,389.7,Diesel
VIC,2015-11-01,389.6,Diesel
VIC,2015-12-01,393.6,Diesel
VIC,2016-01-01,331.8,Diesel
VIC,2016-02-01,394.5,Diesel
VIC,2016-03-01,389.6,Diesel
VIC,2016-04-01,384.8,Diesel
VIC,2016-05-01,398.3,Diesel
VIC,2016-06-01,356.0,Diesel
VIC,2016-07-01,340.9,Diesel
VIC,2016-08-01,365.1,Diesel
VIC,2016-09-01,341.0,Diesel
VIC,2016-10-01,372.0,Diesel
VIC,2016-11-01,418.7,Diesel
VIC,2016-12-01,423.8,Diesel
VIC,2017-01-01,367.2,Diesel
VIC,2017-02-01,372.8,Diesel
VIC,2017-03-01,441.1,Diesel
VIC,2017-04-01,388.3,Diesel
VIC,2017-05-01,451.0,Diesel
VIC,2017-06-01,403.6,Diesel
VIC,2017-07-01,396.6,Diesel
VIC,2017-08-01,401.2,Diesel
VIC,2017-09-01,377.8,Diesel
VIC,2017-10-01,407.8,Diesel
VIC,2017-11-01,443.9,Diesel
VIC,2017-12-01,424.8,Diesel
VIC,2018-01-01,375.7,Diesel
VIC,2018-02-01,395.1,Diesel
VIC,2018-03-01,430.3,Diesel
VIC,2018-04-01,403.4,Diesel
VIC,2018-05-01,452.6,Diesel
VIC,2018-06-01,396.2,Diesel
VIC,2018-07-01,407.2,Diesel
VIC,2018-08-01,415.1,Diesel
VIC,2018-09-01,388.2,Diesel
VIC,2018-10-01,444.0,Diesel
VIC,2018-11-01,435.5,Diesel
VIC,2018-12-01,398.5,Diesel
VIC,2019-01-01,404.2,Diesel
VIC,2019-02-01,401.2,Diesel
VIC,2019-03-01,435.2,Diesel
VIC,2019-04-01,415.5,Diesel
VIC,2019-05-01,439.5,Diesel
VIC,2019-06-01,411.8,Diesel
VIC,2019-07-01,402.4,Diesel
VIC,2019-08-01,405.3,Diesel
VIC,2019-09-01,422.9,Diesel
VIC,2019-10-01,449.2,Diesel
VIC,2019-11-01,458.3,Diesel
VIC,2019-12-01,470.0,Diesel
VIC,2020-01-01,435.9,Diesel
VIC,2020-02-01,451.7,Diesel
VIC,2020-03-01,480.2,Diesel
VIC,2020-04-01,365.1,Diesel
VIC,2020-05-01,415.7,Diesel
VIC,2020-06-01,411.8,Diesel
VIC,2020-07-01,397.9,Diesel
VIC,2020-08-01,340.6,Diesel
VIC,2020-09-01,387.4,Diesel
VIC,2020-10-01,433.1,Diesel
VIC,2020-11-01,467.4,Diesel
VIC,2020-12-01,462.6,Diesel
VIC,2021-01-01,393.9,Diesel
VIC,2021-02-01,415.5,Diesel
VIC,2021-03-01,488.9,Diesel
VIC,2021-04-01,466.1,Diesel
VIC,2021-05-01,463.5,Diesel
VIC,2021-06-01,416.8,Diesel
VIC,2021-07-01,418.8,Diesel
VIC,2021-08-01,410.7,Diesel
VIC,2021-09-01,394.0,Diesel
VIC,2021-10-01,437.3,Diesel
VIC,2021-11-01,470.2,Diesel
VIC,2021-12-01,500.9,Diesel
VIC,2022-01-01,412.6,Diesel
VIC,2022-02-01,452.8,Diesel
VIC,2022-03-01,502.9,Diesel
VIC,2022-04-01,430.7,Diesel
VIC,2022-05-01,495.7,Diesel
VIC,2022-06-01,445.4,Diesel
VIC,2022-07-01,450.3,Diesel
VIC,2022-08-01,445.6,Diesel
VIC,2022-09-01,434.9,Diesel
VIC,2022-10-01,421.4,Diesel
VIC,2022-11-01,467.0,Diesel
VIC,2022-12-01,508.7,Diesel
VIC,2023-01-01,446.0,Diesel
VIC,2023-02-01,455.0,Diesel
VIC,2023-03-01,511.4,Diesel
VIC,2023-04-01,447.4,Diesel
VIC,2023-05-01,511.3,Diesel
VIC,2023-06-01,439.2,Diesel
VIC,2023-07-01,439.0,Diesel
VIC,2023-08-01,453.8,Diesel
VIC,2023-09-01,443.2,Diesel
VIC,2023-10-01,493.3,Diesel
VIC,2023-11-01,516.9,Diesel
VIC,2023-12-01,466.9,Diesel
VIC,2024-01-01,433.6,Diesel
VIC,2024-02-01,482.0,Diesel
VIC,2024-03-01,484.3,Diesel
VIC,2024-04-01,471.2,Diesel
VIC,2024-05-01,516.1,Diesel
VIC,2024-06-01,433.0,Diesel
VIC,2024-07-01,453.7,Diesel
VIC,2024-08-01,458.7,Diesel
VIC,2024-09-01,445.2,Diesel
VIC,2024-10-01,519.4,Diesel
VIC,2024-11-01,492.1,Diesel
VIC,2024-12-01,471.6,Diesel
VIC,2025-01-01,433.8,Diesel
VIC,2025-02-01,457.1,Diesel
VIC,2025-03-01,491.3,Diesel
VIC,2025-04-01,468.4,Diesel
VIC,2025-05-01,509.0,Diesel
VIC,2025-06-01,466.3,Diesel
VIC,2025-07-01,452.7,Diesel
VIC,2025-08-01,449.6,Diesel
VIC,2025-09-01,446.2,Diesel
VIC,2025-10-01,508.4,Diesel
VIC,2025-11-01,478.8,Diesel
VIC,2025-12-01,503.6,Diesel
VIC,2026-01-01,438.2,Diesel
VIC,2026-02-01,459.1,Diesel
VIC,2026-03-01,525.1,Diesel
VIC,2026-04-01,443.3,Diesel
VIC,2026-05-01,458.9,Diesel
VIC,2026-06-01,459.0,Diesel
VIC,2026-07-01,451.7,Diesel
VIC,2010-07-01,400.7,Petrol
VIC,2010-08-01,406.1,Petrol
VIC,2010-09-01,366.7,Petrol
VIC,2010-10-01,424.0,Petrol
VIC,2010-11-01,415.4,Petrol
VIC,2010-12-01,440.2,Petrol
VIC,2011-01-01,359.3,Petrol
VIC,2011-02-01,389.9,Petrol
VIC,2011-03-01,403.1,Petrol
VIC,2011-04-01,380.3,Petrol
VIC,2011-05-01,399.7,Petrol
VIC,2011-06-01,331.7,Petrol
VIC,2011-07-01,403.1,Petrol
VIC,2011-08-01,421.3,Petrol
VIC,2011-09-01,384.7,Petrol
VIC,2011-10-01,393.2,Petrol
VIC,2011-11-01,410.6,Petrol
VIC,2011-12-01,430.6,Petrol
VIC,2012-01-01,372.2,Petrol
VIC,2012-02-01,400.4,Petrol
VIC,2012-03-01,404.3,Petrol
VIC,2012-04-01,370.8,Petrol
VIC,2012-05-01,405.0,Petrol
VIC,2012-06-01,378.6,Petrol
VIC,2012-07-01,400.8,Petrol
VIC,2012-08-01,410.7,Petrol
VIC,2012-09-01,365.8,Petrol
VIC,2012-10-01,390.1,Petrol
VIC,2012-11-01,391.9,Petrol
VIC,2012-12-01,417.1,Petrol
VIC,2013-01-01,387.3,Petrol
VIC,2013-02-01,390.1,Petrol
VIC,2013-03-01,420.1,Petrol
VIC,2013-04-01,386.4,Petrol
VIC,2013-05-01,399.8,Petrol
VIC,2013-06-01,390.4,Petrol
VIC,2013-07-01,411.7,Petrol
VIC,2013-08-01,418.1,Petrol
VIC,2013-09-01,379.6,Petrol
VIC,2013-10-01,406.0,Petrol
VIC,2013-11-01,404.3,Petrol
VIC,2013-12-01,432.3,Petrol
VIC,2014-01-01,379.9,Petrol
VIC,2014-02-01,386.8,Petrol
VIC,2014-03-01,406.6,Petrol
VIC,2014-04-01,385.6,Petrol
VIC,2014-05-01,394.9,Petrol
VIC,2014-06-01,376.3,Petrol
VIC,2014-07-01,411.6,Petrol
VIC,2014-08-01,413.5,Petrol
VIC,2014-09-01,383.8,Petrol
VIC,2014-10-01,407.4,Petrol
VIC,2014-11-01,405.5,Petrol
VIC,2014-12-01,433.6,Petrol
VIC,2015-01-01,381.4,Petrol
VIC,2015-02-01,394.6,Petrol
VIC,2015-03-01,409.2,Petrol
VIC,2015-04-01,387.1,Petrol
VIC,2015-05-01,395.7,Petrol
VIC,2015-06-01,381.1,Petrol
VIC,2015-07-01,410.2,Petrol
VIC,2015-08-01,414.8,Petrol
VIC,2015-09-01,386.0,Petrol
VIC,2015-10-01,412.6,Petrol
VIC,2015-11-01,394.2,Petrol
VIC,2015-12-01,437.2,Petrol
VIC,2016-01-01,389.0,Petrol
VIC,2016-02-01,410.4,Petrol
VIC,2016-03-01,412.1,Petrol
VIC,2016-04-01,389.0,Petrol
VIC,2016-05-01,395.5,Petrol
VIC,2016-06-01,381.1,Petrol
VIC,2016-07-01,410.8,Petrol
VIC,2016-08-01,421.8,Petrol
VIC,2016-09-01,381.9,Petrol
VIC,2016-10-01,399.6,Petrol
VIC,2016-11-01,408.0,Petrol
VIC,2016-12-01,439.5,Petrol
VIC,2017-01-01,381.5,Petrol
VIC,2017-02-01,402.8,Petrol
VIC,2017-03-01,423.3,Petrol
VIC,2017-04-01,378.9,Petrol
VIC,2017-05-01,409.6,Petrol
VIC,2017-06-01,386.9,Petrol
VIC,2017-07-01,404.8,Petrol
VIC,2017-08-01,400.5,Petrol
VIC,2017-09-01,378.1,Petrol
VIC,2017-10-01,377.6,Petrol
VIC,2017-11-01,401.3,Petrol
VIC,2017-12-01,427.9,Petrol
VIC,2018-01-01,385.2,Petrol
VIC,2018-02-01,382.4,Petrol
VIC,2018-03-01,419.6,Petrol
VIC,2018-04-01,381.6,Petrol
VIC,2018-05-01,412.1,Petrol
VIC,2018-06-01,390.4,Petrol
VIC,2018-07-01,399.1,Petrol
VIC,2018-08-01,412.4,Petrol
VIC,2018-09-01,380.7,Petrol
VIC,2018-10-01,412.1,Petrol
VIC,2018-11-01,409.0,Petrol
VIC,2018-12-01,416.0,Petrol
VIC,2019-01-01,379.0,Petrol
VIC,2019-02-01,373.0,Petrol
VIC,2019-03-01,409.2,Petrol
VIC,2019-04-01,382.4,Petrol
VIC,2019-05-01,400.2,Petrol
VIC,2019-06-01,391.4,Petrol
VIC,2019-07-01,386.6,Petrol
VIC,2019-08-01,394.9,Petrol
VIC,2019-09-01,376.6,Petrol
VIC,2019-10-01,422.1,Petrol
VIC,2019-11-01,406.6,Petrol
VIC,2019-12-01,412.0,Petrol
VIC,2020-01-01,376.3,Petrol
VIC,2020-02-01,381.3,Petrol
VIC,2020-03-01,376.5,Petrol
VIC,2020-04-01,197.5,Petrol
VIC,2020-05-01,278.9,Petrol
VIC,2020-06-01,328.3,Petrol
VIC,2020-07-01,285.5,Petrol
VIC,2020-08-01,199.9,Petrol
VIC,2020-09-01,222.1,Petrol
VIC,2020-10-01,288.7,Petrol
VIC,2020-11-01,362.7,Petrol
VIC,2020-12-01,402.1,Petrol
VIC,2021-01-01,354.0,Petrol
VIC,2021-02-01,329.2,Petrol
VIC,2021-03-01,393.4,Petrol
VIC,2021-04-01,367.7,Petrol
VIC,2021-05-01,377.2,Petrol
VIC,2021-06-01,309.1,Petrol
VIC,2021-07-01,315.7,Petrol
VIC,2021-08-01,260.1,Petrol
VIC,2021-09-01,245.8,Petrol
VIC,2021-10-01,301.6,Petrol
VIC,2021-11-01,375.6,Petrol
VIC,2021-12-01,402.2,Petrol
VIC,2022-01-01,345.5,Petrol
VIC,2022-02-01,347.3,Petrol
VIC,2022-03-01,380.7,Petrol
VIC,2022-04-01,363.9,Petrol
VIC,2022-05-01,368.0,Petrol
VIC,2022-06-01,349.7,Petrol
VIC,2022-07-01,361.8,Petrol
VIC,2022-08-01,366.3,Petrol
VIC,2022-09-01,373.3,Petrol
VIC,2022-10-01,356.0,Petrol
VIC,2022-11-01,364.3,Petrol
VIC,2022-12-01,402.3,Petrol
VIC,2023-01-01,361.5,Petrol
VIC,2023-02-01,344.6,Petrol
VIC,2023-03-01,391.8,Petrol
VIC,2023-04-01,352.3,Petrol
VIC,2023-05-01,387.1,Petrol
VIC,2023-06-01,348.7,Petrol
VIC,2023-07-01,362.3,Petrol
VIC,2023-08-01,368.2,Petrol
VIC,2023-09-01,355.5,Petrol
VIC,2023-10-01,386.1,Petrol
VIC,2023-11-01,376.2,Petrol
VIC,2023-12-01,388.1,Petrol
VIC,2024-01-01,362.8,Petrol
VIC,2024-02-01,356.9,Petrol
VIC,2024-03-01,389.8,Petrol
VIC,2024-04-01,347.7,Petrol
VIC,2024-05-01,386.1,Petrol
VIC,2024-06-01,345.1,Petrol
VIC,2024-07-01,364.2,Petrol
VIC,2024-08-01,367.9,Petrol
VIC,2024-09-01,352.7,Petrol
VIC,2024-10-01,386.2,Petrol
VIC,2024-11-01,366.2,Petrol
VIC,2024-12-01,379.0,Petrol
VIC,2025-01-01,353.6,Petrol
VIC,2025-02-01,342.3,Petrol
VIC,2025-03-01,383.3,Petrol
VIC,2025-04-01,357.3,Petrol
VIC,2025-05-01,380.5,Petrol
VIC,2025-06-01,349.0,Petrol
VIC,2025-07-01,354.8,Petrol
VIC,2025-08-01,360.1,Petrol
VIC,2025-09-01,347.7,Petrol
VIC,2025-10-01,377.9,Petrol
VIC,2025-11-01,357.0,Petrol
VIC,2025-12-01,385.3,Petrol
VIC,2026-01-01,344.8,Petrol
VIC,2026-02-01,346.8,Petrol
VIC,2026-03-01,375.0,Petrol
VIC,2026-04-01,332.1,Petrol
VIC,2026-05-01,342.3,Petrol
VIC,2026-06-01,357.8,Petrol
VIC,2026-07-01,344.9,Petrol
WA,2010-07-01,371.9,Diesel
WA,2010-08-01,388.5,Diesel
WA,2010-09-01,362.3,Diesel
WA,2010-10-01,415.7,Diesel
WA,2010-11-01,437.7,Diesel
WA,2010-12-01,403.0,Diesel
WA,2011-01-01,355.6,Diesel
WA,2011-02-01,370.2,Diesel
WA,2011-03-01,426.7,Diesel
WA,2011-04-01,414.0,Diesel
WA,2011-05-01,455.6,Diesel
WA,2011-06-01,478.6,Diesel
WA,2011-07-01,423.7,Diesel
WA,2011-08-01,446.0,Diesel
WA,2011-09-01,459.3,Diesel
WA,2011-10-01,458.7,Diesel
WA,2011-11-01,475.5,Diesel
WA,2011-12-01,465.0,Diesel
WA,2012-01-01,402.0,Diesel
WA,2012-02-01,452.8,Diesel
WA,2012-03-01,460.0,Diesel
WA,2012-04-01,454.0,Diesel
WA,2012-05-01,512.0,Diesel
WA,2012-06-01,466.3,Diesel
WA,2012-07-01,464.6,Diesel
WA,2012-08-01,496.5,Diesel
WA,2012-09-01,454.0,Diesel
WA,2012-10-01,511.1,Diesel
WA,2012-11-01,522.6,Diesel
WA,2012-12-01,481.7,Diesel
WA,2013-01-01,478.1,Diesel
WA,2013-02-01,464.0,Diesel
WA,2013-03-01,488.7,Diesel
WA,2013-04-01,538.9,Diesel
WA,2013-05-01,559.7,Diesel
WA,2013-06-01,483.5,Diesel
WA,2013-07-01,524.4,Diesel
WA,2013-08-01,521.4,Diesel
WA,2013-09-01,499.8,Diesel
WA,2013-10-01,552.7,Diesel
WA,2013-11-01,568.6,Diesel
WA,2013-12-01,520.8,Diesel
WA,2014-01-01,505.9,Diesel
WA,2014-02-01,499.8,Diesel
WA,2014-03-01,552.7,Diesel
WA,2014-04-01,566.1,Diesel
WA,2014-05-01,605.8,Diesel
WA,2014-06-01,576.3,Diesel
WA,2014-07-01,510.8,Diesel
WA,2014-08-01,517.1,Diesel
WA,2014-09-01,500.4,Diesel
WA,2014-10-01,554.1,Diesel
WA,2014-11-01,544.8,Diesel
WA,2014-12-01,519.0,Diesel
WA,2015-01-01,504.4,Diesel
WA,2015-02-01,471.7,Diesel
WA,2015-03-01,502.8,Diesel
WA,2015-04-01,551.1,Diesel
WA,2015-05-01,571.5,Diesel
WA,2015-06-01,519.3,Diesel
WA,2015-07-01,544.9,Diesel
WA,2015-08-01,518.4,Diesel
WA,2015-09-01,501.5,Diesel
WA,2015-10-01,565.2,Diesel
WA,2015-11-01,564.2,Diesel
WA,2015-12-01,540.6,Diesel
WA,2016-01-01,506.5,Diesel
WA,2016-02-01,467.5,Diesel
WA,2016-03-01,517.2,Diesel
WA,2016-04-01,537.2,Diesel
WA,2016-05-01,527.9,Diesel
WA,2016-06-01,513.9,Diesel
WA,2016-07-01,485.6,Diesel
WA,2016-08-01,459.1,Diesel
WA,2016-09-01,546.5,Diesel
WA,2016-10-01,537.8,Diesel
WA,2016-11-01,562.1,Diesel
WA,2016-12-01,546.5,Diesel
WA,2017-01-01,526.6,Diesel
WA,2017-02-01,509.4,Diesel
WA,2017-03-01,607.3,Diesel
WA,2017-04-01,523.1,Diesel
WA,2017-05-01,627.0,Diesel
WA,2017-06-01,588.8,Diesel
WA,2017-07-01,524.1,Diesel
WA,2017-08-01,560.5,Diesel
WA,2017-09-01,540.5,Diesel
WA,2017-10-01,522.5,Diesel
WA,2017-11-01,644.4,Diesel
WA,2017-12-01,549.5,Diesel
WA,2018-01-01,477.0,Diesel
WA,2018-02-01,516.1,Diesel
WA,2018-03-01,565.0,Diesel
WA,2018-04-01,533.2,Diesel
WA,2018-05-01,597.0,Diesel
WA,2018-06-01,606.7,Diesel
WA,2018-07-01,506.6,Diesel
WA,2018-08-01,552.9,Diesel
WA,2018-09-01,519.5,Diesel
WA,2018-10-01,575.8,Diesel
WA,2018-11-01,580.0,Diesel
WA,2018-12-01,553.9,Diesel
WA,2019-01-01,529.5,Diesel
WA,2019-02-01,504.8,Diesel
WA,2019-03-01,538.1,Diesel
WA,2019-04-01,575.4,Diesel
WA,2019-05-01,628.9,Diesel
WA,2019-06-01,579.0,Diesel
WA,2019-07-01,549.2,Diesel
WA,2019-08-01,588.1,Diesel
WA,2019-09-01,568.7,Diesel
WA,2019-10-01,591.6,Diesel
WA,2019-11-01,624.2,Diesel
WA,2019-12-01,557.6,Diesel
WA,2020-01-01,530.4,Diesel
WA,2020-02-01,545.6,Diesel
WA,2020-03-01,635.6,Diesel
WA,2020-04-01,528.2,Diesel
WA,2020-05-01,611.0,Diesel
WA,2020-06-01,609.1,Diesel
WA,2020-07-01,570.7,Diesel
WA,2020-08-01,581.6,Diesel
WA,2020-09-01,605.5,Diesel
WA,2020-10-01,630.3,Diesel
WA,2020-11-01,642.5,Diesel
WA,2020-12-01,564.0,Diesel
WA,2021-01-01,586.7,Diesel
WA,2021-02-01,544.1,Diesel
WA,2021-03-01,629.1,Diesel
WA,2021-04-01,628.9,Diesel
WA,2021-05-01,678.0,Diesel
WA,2021-06-01,639.9,Diesel
WA,2021-07-01,635.6,Diesel
WA,2021-08-01,670.3,Diesel
WA,2021-09-01,626.2,Diesel
WA,2021-10-01,661.9,Diesel
WA,2021-11-01,676.7,Diesel
WA,2021-12-01,665.0,Diesel
WA,2022-01-01,593.2,Diesel
WA,2022-02-01,591.8,Diesel
WA,2022-03-01,646.0,Diesel
WA,2022-04-01,612.1,Diesel
WA,2022-05-01,647.2,Diesel
WA,2022-06-01,629.7,Diesel
WA,2022-07-01,615.9,Diesel
WA,2022-08-01,644.0,Diesel
WA,2022-09-01,643.2,Diesel
WA,2022-10-01,637.2,Diesel
WA,2022-11-01,711.3,Diesel
WA,2022-12-01,686.0,Diesel
WA,2023-01-01,619.4,Diesel
WA,2023-02-01,601.5,Diesel
WA,2023-03-01,666.4,Diesel
WA,2023-04-01,663.3,Diesel
WA,2023-05-01,687.6,Diesel
WA,2023-06-01,660.1,Diesel
WA,2023-07-01,637.4,Diesel
WA,2023-08-01,651.0,Diesel
WA,2023-09-01,624.0,Diesel
WA,2023-10-01,692.0,Diesel
WA,2023-11-01,722.2,Diesel
WA,2023-12-01,665.9,Diesel
WA,2024-01-01,642.5,Diesel
WA,2024-02-01,636.4,Diesel
WA,2024-03-01,642.7,Diesel
WA,2024-04-01,675.9,Diesel
WA,2024-05-01,725.8,Diesel
WA,2024-06-01,630.3,Diesel
WA,2024-07-01,676.2,Diesel
WA,2024-08-01,667.7,Diesel
WA,2024-09-01,660.1,Diesel
WA,2024-10-01,713.8,Diesel
WA,2024-11-01,703.4,Diesel
WA,2024-12-01,680.9,Diesel
WA,2025-01-01,590.8,Diesel
WA,2025-02-01,595.8,Diesel
WA,2025-03-01,674.9,Diesel
WA,2025-04-01,685.8,Diesel
WA,2025-05-01,692.2,Diesel
WA,2025-06-01,680.7,Diesel
WA,2025-07-01,671.1,Diesel
WA,2025-08-01,671.7,Diesel
WA,2025-09-01,643.9,Diesel
WA,2025-10-01,757.9,Diesel
WA,2025-11-01,680.0,Diesel
WA,2025-12-01,698.0,Diesel
WA,2026-01-01,676.7,Diesel
WA,2026-02-01,634.2,Diesel
WA,2026-03-01,720.8,Diesel
WA,2026-04-01,671.3,Diesel
WA,2026-05-01,714.2,Diesel
WA,2026-06-01,679.7,Diesel
WA,2026-07-01,685.0,Diesel
WA,2010-07-01,168.8,Petrol
WA,2010-08-01,168.8,Petrol
WA,2010-09-01,157.1,Petrol
WA,2010-10-01,175.6,Petrol
WA,2010-11-01,165.7,Petrol
WA,2010-12-01,184.4,Petrol
WA,2011-01-01,154.2,Petrol
WA,2011-02-01,167.6,Petrol
WA,2011-03-01,176.2,Petrol
WA,2011-04-01,170.5,Petrol
WA,2011-05-01,164.6,Petrol
WA,2011-06-01,146.4,Petrol
WA,2011-07-01,171.3,Petrol
WA,2011-08-01,174.8,Petrol
WA,2011-09-01,176.2,Petrol
WA,2011-10-01,168.7,Petrol
WA,2011-11-01,179.6,Petrol
WA,2011-12-01,181.9,Petrol
WA,2012-01-01,165.9,Petrol
WA,2012-02-01,175.4,Petrol
WA,2012-03-01,180.5,Petrol
WA,2012-04-01,161.4,Petrol
WA,2012-05-01,177.6,Petrol
WA,2012-06-01,160.8,Petrol
WA,2012-07-01,168.5,Petrol
WA,2012-08-01,174.8,Petrol
WA,2012-09-01,179.8,Petrol
WA,2012-10-01,183.6,Petrol
WA,2012-11-01,186.7,Petrol
WA,2012-12-01,189.0,Petrol
WA,2013-01-01,178.2,Petrol
WA,2013-02-01,182.5,Petrol
WA,2013-03-01,187.7,Petrol
WA,2013-04-01,181.1,Petrol
WA,2013-05-01,181.7,Petrol
WA,2013-06-01,177.9,Petrol
WA,2013-07-01,164.7,Petrol
WA,2013-08-01,167.6,Petrol
WA,2013-09-01,151.6,Petrol
WA,2013-10-01,164.8,Petrol
WA,2013-11-01,162.9,Petrol
WA,2013-12-01,170.3,Petrol
WA,2014-01-01,157.8,Petrol
WA,2014-02-01,160.0,Petrol
WA,2014-03-01,162.0,Petrol
WA,2014-04-01,156.8,Petrol
WA,2014-05-01,157.8,Petrol
WA,2014-06-01,150.1,Petrol
WA,2014-07-01,160.5,Petrol
WA,2014-08-01,166.1,Petrol
WA,2014-09-01,154.8,Petrol
WA,2014-10-01,165.6,Petrol
WA,2014-11-01,158.1,Petrol
WA,2014-12-01,171.7,Petrol
WA,2015-01-01,155.0,Petrol
WA,2015-02-01,159.9,Petrol
WA,2015-03-01,164.3,Petrol
WA,2015-04-01,156.3,Petrol
WA,2015-05-01,158.1,Petrol
WA,2015-06-01,152.1,Petrol
WA,2015-07-01,164.5,Petrol
WA,2015-08-01,169.2,Petrol
WA,2015-09-01,158.5,Petrol
WA,2015-10-01,164.3,Petrol
WA,2015-11-01,162.7,Petrol
WA,2015-12-01,170.7,Petrol
WA,2016-01-01,155.9,Petrol
WA,2016-02-01,168.9,Petrol
WA,2016-03-01,167.5,Petrol
WA,2016-04-01,159.7,Petrol
WA,2016-05-01,162.7,Petrol
WA,2016-06-01,154.7,Petrol
WA,2016-07-01,171.7,Petrol
WA,2016-08-01,173.2,Petrol
WA,2016-09-01,166.9,Petrol
WA,2016-10-01,167.3,Petrol
WA,2016-11-01,169.4,Petrol
WA,2016-12-01,174.3,Petrol
WA,2017-01-01,150.9,Petrol
WA,2017-02-01,152.7,Petrol
WA,2017-03-01,158.5,Petrol
WA,2017-04-01,147.8,Petrol
WA,2017-05-01,156.3,Petrol
WA,2017-06-01,147.8,Petrol
WA,2017-07-01,155.2,Petrol
WA,2017-08-01,159.0,Petrol
WA,2017-09-01,146.2,Petrol
WA,2017-10-01,156.8,Petrol
WA,2017-11-01,152.6,Petrol
WA,2017-12-01,158.4,Petrol
WA,2018-01-01,154.2,Petrol
WA,2018-02-01,144.8,Petrol
WA,2018-03-01,159.9,Petrol
WA,2018-04-01,148.4,Petrol
WA,2018-05-01,154.7,Petrol
WA,2018-06-01,145.4,Petrol
WA,2018-07-01,151.5,Petrol
WA,2018-08-01,153.5,Petrol
WA,2018-09-01,144.6,Petrol
WA,2018-10-01,158.1,Petrol
WA,2018-11-01,155.0,Petrol
WA,2018-12-01,158.0,Petrol
WA,2019-01-01,148.7,Petrol
WA,2019-02-01,143.8,Petrol
WA,2019-03-01,154.8,Petrol
WA,2019-04-01,150.0,Petrol
WA,2019-05-01,154.3,Petrol
WA,2019-06-01,141.2,Petrol
WA,2019-07-01,152.5,Petrol
WA,2019-08-01,151.4,Petrol
WA,2019-09-01,149.8,Petrol
WA,2019-10-01,154.5,Petrol
WA,2019-11-01,151.1,Petrol
WA,2019-12-01,160.9,Petrol
WA,2020-01-01,141.3,Petrol
WA,2020-02-01,141.9,Petrol
WA,2020-03-01,143.7,Petrol
WA,2020-04-01,86.6,Petrol
WA,2020-05-01,120.6,Petrol
WA,2020-06-01,134.0,Petrol
WA,2020-07-01,145.5,Petrol
WA,2020-08-01,147.6,Petrol
WA,2020-09-01,146.0,Petrol
WA,2020-10-01,150.7,Petrol
WA,2020-11-01,147.9,Petrol
WA,2020-12-01,156.4,Petrol
WA,2021-01-01,149.5,Petrol
WA,2021-02-01,126.9,Petrol
WA,2021-03-01,159.0,Petrol
WA,2021-04-01,142.4,Petrol
WA,2021-05-01,150.2,Petrol
WA,2021-06-01,146.0,Petrol
WA,2021-07-01,140.2,Petrol
WA,2021-08-01,154.5,Petrol
WA,2021-09-01,149.0,Petrol
WA,2021-10-01,150.2,Petrol
WA,2021-11-01,155.7,Petrol
WA,2021-12-01,156.7,Petrol
WA,2022-01-01,144.6,Petrol
WA,2022-02-01,138.0,Petrol
WA,2022-03-01,143.8,Petrol
WA,2022-04-01,133.8,Petrol
WA,2022-05-01,138.3,Petrol
WA,2022-06-01,138.2,Petrol
WA,2022-07-01,140.0,Petrol
WA,2022-08-01,143.5,Petrol
WA,2022-09-01,146.8,Petrol
WA,2022-10-01,138.2,Petrol
WA,2022-11-01,148.3,Petrol
WA,2022-12-01,151.8,Petrol
WA,2023-01-01,148.0,Petrol
WA,2023-02-01,146.8,Petrol
WA,2023-03-01,164.6,Petrol
WA,2023-04-01,145.7,Petrol
WA,2023-05-01,160.5,Petrol
WA,2023-06-01,148.5,Petrol
WA,2023-07-01,142.2,Petrol
WA,2023-08-01,157.3,Petrol
WA,2023-09-01,145.7,Petrol
WA,2023-10-01,157.4,Petrol
WA,2023-11-01,157.4,Petrol
WA,2023-12-01,156.5,Petrol
WA,2024-01-01,155.4,Petrol
WA,2024-02-01,157.7,Petrol
WA,2024-03-01,162.4,Petrol
WA,2024-04-01,150.5,Petrol
WA,2024-05-01,158.5,Petrol
WA,2024-06-01,144.7,Petrol
WA,2024-07-01,152.7,Petrol
WA,2024-08-01,154.2,Petrol
WA,2024-09-01,152.8,Petrol
WA,2024-10-01,167.2,Petrol
WA,2024-11-01,159.3,Petrol
WA,2024-12-01,168.8,Petrol
WA,2025-01-01,137.9,Petrol
WA,2025-02-01,136.2,Petrol
WA,2025-03-01,147.5,Petrol
WA,2025-04-01,145.8,Petrol
WA,2025-05-01,142.8,Petrol
WA,2025-06-01,132.5,Petrol
WA,2025-07-01,141.0,Petrol
WA,2025-08-01,138.7,Petrol
WA,2025-09-01,139.1,Petrol
WA,2025-10-01,145.9,Petrol
WA,2025-11-01,144.2,Petrol
WA,2025-12-01,153.6,Petrol
WA,2026-01-01,138.8,Petrol
WA,2026-02-01,135.2,Petrol
WA,2026-03-01,150.1,Petrol
WA,2026-04-01,132.1,Petrol
WA,2026-05-01,133.5,Petrol
WA,2026-06-01,139.2,Petrol
WA,2026-07-01,133.0,Petrol
