date,held_ml,days_equivalent,baseline_required_ml,required_ml,fuel,scope,headroom_pct
2026-02-24,3101,34,2742,2742.0,Diesel,National,13.092633114514962
2026-03-03,2972,32,2742,2742.0,Diesel,National,8.38803792851932
2026-03-10,2791,30,2742,2742.0,Diesel,National,1.787016776075867
2026-03-17,2804,30,2742,2367.0,Diesel,National,18.462188424165603
2026-03-24,2726,30,2742,2197.0,Diesel,National,24.078288575329985
2026-03-31,2634,29,2742,2197.0,Diesel,National,19.890760127446526
2026-04-07,2825,31,2742,2197.0,Diesel,National,28.58443331816114
2026-04-14,2886,31,2742,2197.0,Diesel,National,31.360946745562135
2026-04-21,3072,33,2742,2197.0,Diesel,National,39.827036868456986
2026-04-28,3077,33,2742,2197.0,Diesel,National,40.05461993627675
2026-05-05,3299,35,2742,2197.0,Diesel,National,50.15930814747382
2026-05-12,3392,36,2742,2197.0,Diesel,National,54.392353208921264
2026-05-19,3515,38,2742,2197.0,Diesel,National,59.99089667728721
2026-05-26,3310,35.61510033087568,2742,2197.0,Diesel,National,50.6599908966773
2026-06-02,3374,36,2742,2197.0,Diesel,National,53.57305416477014
2026-06-09,3626,39,2742,2197.0,Diesel,National,65.04324078288575
2026-06-16,3590,39,2742,2197.0,Diesel,National,63.40464269458352
2026-06-23,3466,37,2742,2197.0,Diesel,National,57.76058261265362
2026-06-30,3537,38,2742,2197.0,Diesel,National,60.99226217569414
2026-07-07,3433,37,2742,2225.0,Diesel,National,54.29213483146067
2026-07-14,3590,39,2742,2225.0,Diesel,National,61.348314606741575
2026-07-21,3534,38,2742,2225.0,Diesel,National,58.8314606741573
2026-07-28,3640,39,2742,2225.0,Diesel,National,63.59550561797753
2026-08-04,3337,36,2742,2225.0,Diesel,National,49.97752808988765
2026-08-11,3393,37,2742,2225.0,Diesel,National,52.49438202247192
2026-08-18,3315,36,2742,2225.0,Diesel,National,48.988764044943814
2026-08-25,3351,36,2742,2225.0,Diesel,National,50.60674157303371
2026-09-01,3039,33,2742,2225.0,Diesel,National,36.58426966292134
2026-09-08,2949,32,2742,2225.0,Diesel,National,32.539325842696634
2026-09-15,2853,31,2742,2225.0,Diesel,National,28.224719101123586
2026-09-22,2938,32,2742,2225.0,Diesel,National,32.04494382022472
2026-02-24,875,32,663,663.0,Jet fuel,National,31.975867269984914
2026-03-03,802,29,663,663.0,Jet fuel,National,20.96530920060331
2026-03-10,813,29,663,663.0,Jet fuel,National,22.62443438914028
2026-03-17,828,30,663,663.0,Jet fuel,National,24.8868778280543
2026-03-24,828,30,663,663.0,Jet fuel,National,24.8868778280543
2026-03-31,847,30,663,663.0,Jet fuel,National,27.75263951734539
2026-04-07,773,28,663,663.0,Jet fuel,National,16.59125188536954
2026-04-14,834,30,663,663.0,Jet fuel,National,25.791855203619907
2026-04-21,838,30,663,663.0,Jet fuel,National,26.39517345399698
2026-04-28,795,28,663,663.0,Jet fuel,National,19.909502262443436
2026-05-05,810,29,663,663.0,Jet fuel,National,22.171945701357476
2026-05-12,970,35,663,663.0,Jet fuel,National,46.304675716440414
2026-05-19,874,31,663,663.0,Jet fuel,National,31.825037707390646
2026-05-26,830,30,663,663.0,Jet fuel,National,25.188536953242835
2026-06-02,834,30,663,663.0,Jet fuel,National,25.791855203619907
2026-06-09,899,32,663,663.0,Jet fuel,National,35.59577677224737
2026-06-16,873,32,663,663.0,Jet fuel,National,31.674208144796378
2026-06-23,814,29,663,663.0,Jet fuel,National,22.775263951734548
2026-06-30,936,34,663,663.0,Jet fuel,National,41.176470588235304
2026-07-07,908,33,663,663.0,Jet fuel,National,36.95324283559578
2026-07-14,932,34,663,663.0,Jet fuel,National,40.57315233785821
2026-07-21,892,32,663,663.0,Jet fuel,National,34.53996983408749
2026-07-28,933,34,663,663.0,Jet fuel,National,40.7239819004525
2026-08-04,939,34,663,663.0,Jet fuel,National,41.62895927601811
2026-08-11,948,35,663,663.0,Jet fuel,National,42.98642533936652
2026-08-18,936,34,663,663.0,Jet fuel,National,41.176470588235304
2026-08-25,840,31,663,663.0,Jet fuel,National,26.696832579185514
2026-09-01,901,33,663,663.0,Jet fuel,National,35.897435897435905
2026-09-08,827,30,663,663.0,Jet fuel,National,24.73604826546003
2026-09-15,863,32,663,663.0,Jet fuel,National,30.1659125188537
2026-09-22,786,29,663,663.0,Jet fuel,National,18.552036199095024
2026-02-24,1566,36,1067,1067.0,Petrol,National,46.76663542642925
2026-03-03,1563,36,1067,1067.0,Petrol,National,46.485473289597
2026-03-10,1621,37,1067,1067.0,Petrol,National,51.92127460168696
2026-03-17,1644,38,1067,923.0,Petrol,National,78.1148429035753
2026-03-24,1687,39,1067,855.0,Petrol,National,97.30994152046783
2026-03-31,1708,39,1067,855.0,Petrol,National,99.76608187134504
2026-04-07,1643,38,1067,855.0,Petrol,National,92.16374269005847
2026-04-14,1977,46,1067,855.0,Petrol,National,131.2280701754386
2026-04-21,1884,44,1067,855.0,Petrol,National,120.35087719298248
2026-04-28,1844,43,1067,855.0,Petrol,National,115.67251461988306
2026-05-05,1798,42,1067,855.0,Petrol,National,110.29239766081874
2026-05-12,1902,44,1067,855.0,Petrol,National,122.45614035087718
2026-05-19,1860,43,1067,855.0,Petrol,National,117.54385964912282
2026-05-26,2066,47.75945282052727,1067,855.0,Petrol,National,141.6374269005848
2026-06-02,1851,43,1067,855.0,Petrol,National,116.49122807017545
2026-06-09,1933,45,1067,855.0,Petrol,National,126.08187134502926
2026-06-16,1913,44,1067,855.0,Petrol,National,123.74269005847952
2026-06-23,1883,44,1067,855.0,Petrol,National,120.23391812865496
2026-06-30,1761,41,1067,855.0,Petrol,National,105.96491228070177
2026-07-07,1758,41,1067,862.0,Petrol,National,103.94431554524361
2026-07-14,1979,46,1067,862.0,Petrol,National,129.58236658932717
2026-07-21,1814,42,1067,862.0,Petrol,National,110.44083526682135
2026-07-28,1825,43,1067,862.0,Petrol,National,111.7169373549884
2026-08-04,1805,42,1067,862.0,Petrol,National,109.39675174013921
2026-08-11,1756,41,1067,862.0,Petrol,National,103.71229698375872
2026-08-18,1876,44,1067,862.0,Petrol,National,117.63341067285383
2026-08-25,1743,41,1067,862.0,Petrol,National,102.20417633410675
2026-09-01,1823,43,1067,862.0,Petrol,National,111.48491879350347
2026-09-08,1763,41,1067,862.0,Petrol,National,104.52436194895594
2026-09-15,1730,41,1067,862.0,Petrol,National,100.69605568445476
2026-09-22,1807,42,1067,862.0,Petrol,National,109.62877030162414
