date,value,fuel,metric,scope
2010-07-01,18.0,Diesel,cover_days,National
2010-08-01,17.0,Diesel,cover_days,National
2010-09-01,20.0,Diesel,cover_days,National
2010-10-01,18.0,Diesel,cover_days,National
2010-11-01,17.0,Diesel,cover_days,National
2010-12-01,17.0,Diesel,cover_days,National
2011-01-01,18.0,Diesel,cover_days,National
2011-02-01,16.0,Diesel,cover_days,National
2011-03-01,17.0,Diesel,cover_days,National
2011-04-01,19.0,Diesel,cover_days,National
2011-05-01,18.0,Diesel,cover_days,National
2011-06-01,17.0,Diesel,cover_days,National
2011-07-01,16.0,Diesel,cover_days,National
2011-08-01,17.0,Diesel,cover_days,National
2011-09-01,15.0,Diesel,cover_days,National
2011-10-01,16.0,Diesel,cover_days,National
2011-11-01,15.0,Diesel,cover_days,National
2011-12-01,16.0,Diesel,cover_days,National
2012-01-01,19.0,Diesel,cover_days,National
2012-02-01,15.0,Diesel,cover_days,National
2012-03-01,15.0,Diesel,cover_days,National
2012-04-01,18.0,Diesel,cover_days,National
2012-05-01,17.0,Diesel,cover_days,National
2012-06-01,17.0,Diesel,cover_days,National
2012-07-01,16.0,Diesel,cover_days,National
2012-08-01,15.0,Diesel,cover_days,National
2012-09-01,16.0,Diesel,cover_days,National
2012-10-01,14.0,Diesel,cover_days,National
2012-11-01,10.0,Diesel,cover_days,National
2012-12-01,15.0,Diesel,cover_days,National
2013-01-01,17.0,Diesel,cover_days,National
2013-02-01,17.0,Diesel,cover_days,National
2013-03-01,17.0,Diesel,cover_days,National
2013-04-01,15.0,Diesel,cover_days,National
2013-05-01,15.0,Diesel,cover_days,National
2013-06-01,18.0,Diesel,cover_days,National
2013-07-01,17.0,Diesel,cover_days,National
2013-08-01,15.0,Diesel,cover_days,National
2013-09-01,15.0,Diesel,cover_days,National
2013-10-01,15.0,Diesel,cover_days,National
2013-11-01,15.0,Diesel,cover_days,National
2013-12-01,17.0,Diesel,cover_days,National
2014-01-01,16.0,Diesel,cover_days,National
2014-02-01,14.0,Diesel,cover_days,National
2014-03-01,13.0,Diesel,cover_days,National
2014-04-01,12.0,Diesel,cover_days,National
2014-05-01,12.0,Diesel,cover_days,National
2014-06-01,11.0,Diesel,cover_days,National
2014-07-01,12.0,Diesel,cover_days,National
2014-08-01,15.0,Diesel,cover_days,National
2014-09-01,16.0,Diesel,cover_days,National
2014-10-01,12.0,Diesel,cover_days,National
2014-11-01,13.0,Diesel,cover_days,National
2014-12-01,15.0,Diesel,cover_days,National
2015-01-01,17.0,Diesel,cover_days,National
2015-02-01,16.0,Diesel,cover_days,National
2015-03-01,15.0,Diesel,cover_days,National
2015-04-01,15.0,Diesel,cover_days,National
2015-05-01,14.0,Diesel,cover_days,National
2015-06-01,15.0,Diesel,cover_days,National
2015-07-01,14.0,Diesel,cover_days,National
2015-08-01,15.0,Diesel,cover_days,National
2015-09-01,14.0,Diesel,cover_days,National
2015-10-01,14.0,Diesel,cover_days,National
2015-11-01,12.0,Diesel,cover_days,National
2015-12-01,15.0,Diesel,cover_days,National
2016-01-01,17.0,Diesel,cover_days,National
2016-02-01,17.0,Diesel,cover_days,National
2016-03-01,18.0,Diesel,cover_days,National
2016-04-01,17.0,Diesel,cover_days,National
2016-05-01,17.0,Diesel,cover_days,National
2016-06-01,18.0,Diesel,cover_days,National
2016-07-01,19.0,Diesel,cover_days,National
2016-08-01,18.0,Diesel,cover_days,National
2016-09-01,16.0,Diesel,cover_days,National
2016-10-01,15.0,Diesel,cover_days,National
2016-11-01,12.0,Diesel,cover_days,National
2016-12-01,16.0,Diesel,cover_days,National
2017-01-01,18.0,Diesel,cover_days,National
2017-02-01,17.0,Diesel,cover_days,National
2017-03-01,17.0,Diesel,cover_days,National
2017-04-01,19.0,Diesel,cover_days,National
2017-05-01,18.0,Diesel,cover_days,National
2017-06-01,15.0,Diesel,cover_days,National
2017-07-01,14.0,Diesel,cover_days,National
2017-08-01,16.0,Diesel,cover_days,National
2017-09-01,15.0,Diesel,cover_days,National
2017-10-01,17.0,Diesel,cover_days,National
2017-11-01,14.0,Diesel,cover_days,National
2017-12-01,16.0,Diesel,cover_days,National
2018-01-01,20.0,Diesel,cover_days,National
2018-02-01,18.0,Diesel,cover_days,National
2018-03-01,20.0,Diesel,cover_days,National
2018-04-01,20.0,Diesel,cover_days,National
2018-05-01,18.0,Diesel,cover_days,National
2018-06-01,19.0,Diesel,cover_days,National
2018-07-01,21.0,Diesel,cover_days,National
2018-08-01,19.0,Diesel,cover_days,National
2018-09-01,21.0,Diesel,cover_days,National
2018-10-01,17.0,Diesel,cover_days,National
2018-11-01,17.0,Diesel,cover_days,National
2018-12-01,22.0,Diesel,cover_days,National
2019-01-01,20.0,Diesel,cover_days,National
2019-02-01,19.0,Diesel,cover_days,National
2019-03-01,20.0,Diesel,cover_days,National
2019-04-01,21.0,Diesel,cover_days,National
2019-05-01,22.0,Diesel,cover_days,National
2019-06-01,22.0,Diesel,cover_days,National
2019-07-01,21.0,Diesel,cover_days,National
2019-08-01,21.0,Diesel,cover_days,National
2019-09-01,21.0,Diesel,cover_days,National
2019-10-01,18.0,Diesel,cover_days,National
2019-11-01,19.0,Diesel,cover_days,National
2019-12-01,22.0,Diesel,cover_days,National
2020-01-01,22.0,Diesel,cover_days,National
2020-02-01,20.0,Diesel,cover_days,National
2020-03-01,18.0,Diesel,cover_days,National
2020-04-01,20.0,Diesel,cover_days,National
2020-05-01,18.0,Diesel,cover_days,National
2020-06-01,20.0,Diesel,cover_days,National
2020-07-01,20.0,Diesel,cover_days,National
2020-08-01,23.0,Diesel,cover_days,National
2020-09-01,21.0,Diesel,cover_days,National
2020-10-01,21.0,Diesel,cover_days,National
2020-11-01,22.0,Diesel,cover_days,National
2020-12-01,20.0,Diesel,cover_days,National
2021-01-01,24.0,Diesel,cover_days,National
2021-02-01,21.0,Diesel,cover_days,National
2021-03-01,21.0,Diesel,cover_days,National
2021-04-01,19.0,Diesel,cover_days,National
2021-05-01,19.0,Diesel,cover_days,National
2021-06-01,20.0,Diesel,cover_days,National
2021-07-01,22.0,Diesel,cover_days,National
2021-08-01,22.0,Diesel,cover_days,National
2021-09-01,20.0,Diesel,cover_days,National
2021-10-01,22.0,Diesel,cover_days,National
2021-11-01,20.0,Diesel,cover_days,National
2021-12-01,22.0,Diesel,cover_days,National
2022-01-01,21.0,Diesel,cover_days,National
2022-02-01,23.0,Diesel,cover_days,National
2022-03-01,19.0,Diesel,cover_days,National
2022-04-01,20.0,Diesel,cover_days,National
2022-05-01,22.0,Diesel,cover_days,National
2022-06-01,21.0,Diesel,cover_days,National
2022-07-01,18.0,Diesel,cover_days,National
2022-08-01,20.0,Diesel,cover_days,National
2022-09-01,19.0,Diesel,cover_days,National
2022-10-01,24.0,Diesel,cover_days,National
2022-11-01,23.0,Diesel,cover_days,National
2022-12-01,22.0,Diesel,cover_days,National
2023-01-01,22.0,Diesel,cover_days,National
2023-02-01,23.0,Diesel,cover_days,National
2023-03-01,21.0,Diesel,cover_days,National
2023-04-01,21.0,Diesel,cover_days,National
2023-05-01,20.0,Diesel,cover_days,National
2023-06-01,21.0,Diesel,cover_days,National
2023-07-01,23.0,Diesel,cover_days,National
2023-08-01,23.0,Diesel,cover_days,National
2023-09-01,23.0,Diesel,cover_days,National
2023-10-01,20.0,Diesel,cover_days,National
2023-11-01,21.0,Diesel,cover_days,National
2023-12-01,22.0,Diesel,cover_days,National
2024-01-01,24.0,Diesel,cover_days,National
2024-02-01,26.0,Diesel,cover_days,National
2024-03-01,23.0,Diesel,cover_days,National
2024-04-01,21.0,Diesel,cover_days,National
2024-05-01,22.0,Diesel,cover_days,National
2024-06-01,25.0,Diesel,cover_days,National
2024-07-01,24.0,Diesel,cover_days,National
2024-08-01,24.0,Diesel,cover_days,National
2024-09-01,24.0,Diesel,cover_days,National
2024-10-01,22.0,Diesel,cover_days,National
2024-11-01,22.0,Diesel,cover_days,National
2024-12-01,23.0,Diesel,cover_days,National
2025-01-01,27.0,Diesel,cover_days,National
2025-02-01,28.0,Diesel,cover_days,National
2025-03-01,29.0,Diesel,cover_days,National
2025-04-01,26.0,Diesel,cover_days,National
2025-05-01,24.0,Diesel,cover_days,National
2025-06-01,23.0,Diesel,cover_days,National
2025-07-01,24.0,Diesel,cover_days,National
2025-08-01,24.0,Diesel,cover_days,National
2025-09-01,29.0,Diesel,cover_days,National
2025-10-01,24.0,Diesel,cover_days,National
2025-11-01,22.0,Diesel,cover_days,National
2025-12-01,25.0,Diesel,cover_days,National
2026-01-01,26.0,Diesel,cover_days,National
2026-02-01,26.0,Diesel,cover_days,National
2026-03-01,21.0,Diesel,cover_days,National
2026-04-01,27.0,Diesel,cover_days,National
2026-05-01,30.0,Diesel,cover_days,National
2026-06-01,31.0,Diesel,cover_days,National
2026-07-01,28.0,Diesel,cover_days,National
2010-07-01,22.0,Petrol,cover_days,National
2010-08-01,21.0,Petrol,cover_days,National
2010-09-01,20.0,Petrol,cover_days,National
2010-10-01,20.0,Petrol,cover_days,National
2010-11-01,17.0,Petrol,cover_days,National
2010-12-01,16.0,Petrol,cover_days,National
2011-01-01,18.0,Petrol,cover_days,National
2011-02-01,18.0,Petrol,cover_days,National
2011-03-01,18.0,Petrol,cover_days,National
2011-04-01,19.0,Petrol,cover_days,National
2011-05-01,19.0,Petrol,cover_days,National
2011-06-01,21.0,Petrol,cover_days,National
2011-07-01,22.0,Petrol,cover_days,National
2011-08-01,22.0,Petrol,cover_days,National
2011-09-01,21.0,Petrol,cover_days,National
2011-10-01,18.0,Petrol,cover_days,National
2011-11-01,18.0,Petrol,cover_days,National
2011-12-01,20.0,Petrol,cover_days,National
2012-01-01,19.0,Petrol,cover_days,National
2012-02-01,18.0,Petrol,cover_days,National
2012-03-01,17.0,Petrol,cover_days,National
2012-04-01,20.0,Petrol,cover_days,National
2012-05-01,21.0,Petrol,cover_days,National
2012-06-01,21.0,Petrol,cover_days,National
2012-07-01,20.0,Petrol,cover_days,National
2012-08-01,20.0,Petrol,cover_days,National
2012-09-01,20.0,Petrol,cover_days,National
2012-10-01,20.0,Petrol,cover_days,National
2012-11-01,19.0,Petrol,cover_days,National
2012-12-01,17.0,Petrol,cover_days,National
2013-01-01,19.0,Petrol,cover_days,National
2013-02-01,20.0,Petrol,cover_days,National
2013-03-01,21.0,Petrol,cover_days,National
2013-04-01,21.0,Petrol,cover_days,National
2013-05-01,21.0,Petrol,cover_days,National
2013-06-01,23.0,Petrol,cover_days,National
2013-07-01,24.0,Petrol,cover_days,National
2013-08-01,21.0,Petrol,cover_days,National
2013-09-01,19.0,Petrol,cover_days,National
2013-10-01,18.0,Petrol,cover_days,National
2013-11-01,18.0,Petrol,cover_days,National
2013-12-01,18.0,Petrol,cover_days,National
2014-01-01,19.0,Petrol,cover_days,National
2014-02-01,20.0,Petrol,cover_days,National
2014-03-01,20.0,Petrol,cover_days,National
2014-04-01,21.0,Petrol,cover_days,National
2014-05-01,20.0,Petrol,cover_days,National
2014-06-01,20.0,Petrol,cover_days,National
2014-07-01,19.0,Petrol,cover_days,National
2014-08-01,20.0,Petrol,cover_days,National
2014-09-01,19.0,Petrol,cover_days,National
2014-10-01,17.0,Petrol,cover_days,National
2014-11-01,17.0,Petrol,cover_days,National
2014-12-01,18.0,Petrol,cover_days,National
2015-01-01,19.0,Petrol,cover_days,National
2015-02-01,21.0,Petrol,cover_days,National
2015-03-01,20.0,Petrol,cover_days,National
2015-04-01,24.0,Petrol,cover_days,National
2015-05-01,23.0,Petrol,cover_days,National
2015-06-01,24.0,Petrol,cover_days,National
2015-07-01,24.0,Petrol,cover_days,National
2015-08-01,22.0,Petrol,cover_days,National
2015-09-01,22.0,Petrol,cover_days,National
2015-10-01,21.0,Petrol,cover_days,National
2015-11-01,20.0,Petrol,cover_days,National
2015-12-01,21.0,Petrol,cover_days,National
2016-01-01,23.0,Petrol,cover_days,National
2016-02-01,22.0,Petrol,cover_days,National
2016-03-01,27.0,Petrol,cover_days,National
2016-04-01,26.0,Petrol,cover_days,National
2016-05-01,25.0,Petrol,cover_days,National
2016-06-01,27.0,Petrol,cover_days,National
2016-07-01,27.0,Petrol,cover_days,National
2016-08-01,24.0,Petrol,cover_days,National
2016-09-01,24.0,Petrol,cover_days,National
2016-10-01,24.0,Petrol,cover_days,National
2016-11-01,24.0,Petrol,cover_days,National
2016-12-01,22.0,Petrol,cover_days,National
2017-01-01,20.0,Petrol,cover_days,National
2017-02-01,20.0,Petrol,cover_days,National
2017-03-01,20.0,Petrol,cover_days,National
2017-04-01,22.0,Petrol,cover_days,National
2017-05-01,25.0,Petrol,cover_days,National
2017-06-01,24.0,Petrol,cover_days,National
2017-07-01,21.0,Petrol,cover_days,National
2017-08-01,23.0,Petrol,cover_days,National
2017-09-01,21.0,Petrol,cover_days,National
2017-10-01,20.0,Petrol,cover_days,National
2017-11-01,20.0,Petrol,cover_days,National
2017-12-01,21.0,Petrol,cover_days,National
2018-01-01,21.0,Petrol,cover_days,National
2018-02-01,23.0,Petrol,cover_days,National
2018-03-01,23.0,Petrol,cover_days,National
2018-04-01,22.0,Petrol,cover_days,National
2018-05-01,26.0,Petrol,cover_days,National
2018-06-01,26.0,Petrol,cover_days,National
2018-07-01,26.0,Petrol,cover_days,National
2018-08-01,24.0,Petrol,cover_days,National
2018-09-01,22.0,Petrol,cover_days,National
2018-10-01,22.0,Petrol,cover_days,National
2018-11-01,19.0,Petrol,cover_days,National
2018-12-01,18.0,Petrol,cover_days,National
2019-01-01,24.0,Petrol,cover_days,National
2019-02-01,21.0,Petrol,cover_days,National
2019-03-01,24.0,Petrol,cover_days,National
2019-04-01,26.0,Petrol,cover_days,National
2019-05-01,29.0,Petrol,cover_days,National
2019-06-01,27.0,Petrol,cover_days,National
2019-07-01,28.0,Petrol,cover_days,National
2019-08-01,24.0,Petrol,cover_days,National
2019-09-01,27.0,Petrol,cover_days,National
2019-10-01,25.0,Petrol,cover_days,National
2019-11-01,22.0,Petrol,cover_days,National
2019-12-01,24.0,Petrol,cover_days,National
2020-01-01,25.0,Petrol,cover_days,National
2020-02-01,25.0,Petrol,cover_days,National
2020-03-01,25.0,Petrol,cover_days,National
2020-04-01,30.0,Petrol,cover_days,National
2020-05-01,27.0,Petrol,cover_days,National
2020-06-01,26.0,Petrol,cover_days,National
2020-07-01,25.0,Petrol,cover_days,National
2020-08-01,26.0,Petrol,cover_days,National
2020-09-01,29.0,Petrol,cover_days,National
2020-10-01,25.0,Petrol,cover_days,National
2020-11-01,25.0,Petrol,cover_days,National
2020-12-01,27.0,Petrol,cover_days,National
2021-01-01,35.0,Petrol,cover_days,National
2021-02-01,33.0,Petrol,cover_days,National
2021-03-01,33.0,Petrol,cover_days,National
2021-04-01,33.0,Petrol,cover_days,National
2021-05-01,28.0,Petrol,cover_days,National
2021-06-01,30.0,Petrol,cover_days,National
2021-07-01,34.0,Petrol,cover_days,National
2021-08-01,38.0,Petrol,cover_days,National
2021-09-01,34.0,Petrol,cover_days,National
2021-10-01,32.0,Petrol,cover_days,National
2021-11-01,24.0,Petrol,cover_days,National
2021-12-01,25.0,Petrol,cover_days,National
2022-01-01,30.0,Petrol,cover_days,National
2022-02-01,37.0,Petrol,cover_days,National
2022-03-01,30.0,Petrol,cover_days,National
2022-04-01,29.0,Petrol,cover_days,National
2022-05-01,31.0,Petrol,cover_days,National
2022-06-01,28.0,Petrol,cover_days,National
2022-07-01,30.0,Petrol,cover_days,National
2022-08-01,29.0,Petrol,cover_days,National
2022-09-01,25.0,Petrol,cover_days,National
2022-10-01,29.0,Petrol,cover_days,National
2022-11-01,27.0,Petrol,cover_days,National
2022-12-01,26.0,Petrol,cover_days,National
2023-01-01,29.0,Petrol,cover_days,National
2023-02-01,33.0,Petrol,cover_days,National
2023-03-01,28.0,Petrol,cover_days,National
2023-04-01,28.0,Petrol,cover_days,National
2023-05-01,26.0,Petrol,cover_days,National
2023-06-01,29.0,Petrol,cover_days,National
2023-07-01,30.0,Petrol,cover_days,National
2023-08-01,26.0,Petrol,cover_days,National
2023-09-01,27.0,Petrol,cover_days,National
2023-10-01,26.0,Petrol,cover_days,National
2023-11-01,23.0,Petrol,cover_days,National
2023-12-01,23.0,Petrol,cover_days,National
2024-01-01,24.0,Petrol,cover_days,National
2024-02-01,27.0,Petrol,cover_days,National
2024-03-01,28.0,Petrol,cover_days,National
2024-04-01,27.0,Petrol,cover_days,National
2024-05-01,30.0,Petrol,cover_days,National
2024-06-01,29.0,Petrol,cover_days,National
2024-07-01,31.0,Petrol,cover_days,National
2024-08-01,28.0,Petrol,cover_days,National
2024-09-01,29.0,Petrol,cover_days,National
2024-10-01,29.0,Petrol,cover_days,National
2024-11-01,24.0,Petrol,cover_days,National
2024-12-01,25.0,Petrol,cover_days,National
2025-01-01,30.0,Petrol,cover_days,National
2025-02-01,30.0,Petrol,cover_days,National
2025-03-01,28.0,Petrol,cover_days,National
2025-04-01,31.0,Petrol,cover_days,National
2025-05-01,29.0,Petrol,cover_days,National
2025-06-01,27.0,Petrol,cover_days,National
2025-07-01,28.0,Petrol,cover_days,National
2025-08-01,32.0,Petrol,cover_days,National
2025-09-01,33.0,Petrol,cover_days,National
2025-10-01,30.0,Petrol,cover_days,National
2025-11-01,28.0,Petrol,cover_days,National
2025-12-01,26.0,Petrol,cover_days,National
2026-01-01,29.0,Petrol,cover_days,National
2026-02-01,28.0,Petrol,cover_days,National
2026-03-01,32.0,Petrol,cover_days,National
2026-04-01,36.0,Petrol,cover_days,National
2026-05-01,34.0,Petrol,cover_days,National
2026-06-01,33.0,Petrol,cover_days,National
2026-07-01,31.0,Petrol,cover_days,National
2010-07-01,804.9,Diesel,imports_ml,National
2010-08-01,535.1,Diesel,imports_ml,National
2010-09-01,747.4,Diesel,imports_ml,National
2010-10-01,637.0,Diesel,imports_ml,National
2010-11-01,703.9,Diesel,imports_ml,National
2010-12-01,706.6,Diesel,imports_ml,National
2011-01-01,461.0,Diesel,imports_ml,National
2011-02-01,630.7,Diesel,imports_ml,National
2011-03-01,723.0,Diesel,imports_ml,National
2011-04-01,1012.7,Diesel,imports_ml,National
2011-05-01,1022.1,Diesel,imports_ml,National
2011-06-01,859.0,Diesel,imports_ml,National
2011-07-01,927.9,Diesel,imports_ml,National
2011-08-01,820.1,Diesel,imports_ml,National
2011-09-01,968.7,Diesel,imports_ml,National
2011-10-01,1047.4,Diesel,imports_ml,National
2011-11-01,910.5,Diesel,imports_ml,National
2011-12-01,969.4,Diesel,imports_ml,National
2012-01-01,839.8,Diesel,imports_ml,National
2012-02-01,733.6,Diesel,imports_ml,National
2012-03-01,1128.8,Diesel,imports_ml,National
2012-04-01,773.4,Diesel,imports_ml,National
2012-05-01,1043.1,Diesel,imports_ml,National
2012-06-01,1081.7,Diesel,imports_ml,National
2012-07-01,961.7,Diesel,imports_ml,National
2012-08-01,1052.2,Diesel,imports_ml,National
2012-09-01,857.3,Diesel,imports_ml,National
2012-10-01,1068.2,Diesel,imports_ml,National
2012-11-01,1140.0,Diesel,imports_ml,National
2012-12-01,1022.7,Diesel,imports_ml,National
2013-01-01,1015.6,Diesel,imports_ml,National
2013-02-01,980.0,Diesel,imports_ml,National
2013-03-01,846.9,Diesel,imports_ml,National
2013-04-01,1167.8,Diesel,imports_ml,National
2013-05-01,1328.7,Diesel,imports_ml,National
2013-06-01,1071.0,Diesel,imports_ml,National
2013-07-01,1155.0,Diesel,imports_ml,National
2013-08-01,953.9,Diesel,imports_ml,National
2013-09-01,1148.9,Diesel,imports_ml,National
2013-10-01,1063.7,Diesel,imports_ml,National
2013-11-01,1270.8,Diesel,imports_ml,National
2013-12-01,1193.1,Diesel,imports_ml,National
2014-01-01,1037.9,Diesel,imports_ml,National
2014-02-01,822.2,Diesel,imports_ml,National
2014-03-01,1042.6,Diesel,imports_ml,National
2014-04-01,1016.3,Diesel,imports_ml,National
2014-05-01,1524.1,Diesel,imports_ml,National
2014-06-01,1374.2,Diesel,imports_ml,National
2014-07-01,1365.9,Diesel,imports_ml,National
2014-08-01,919.1,Diesel,imports_ml,National
2014-09-01,1281.3,Diesel,imports_ml,National
2014-10-01,1339.9,Diesel,imports_ml,National
2014-11-01,1161.0,Diesel,imports_ml,National
2014-12-01,1154.3,Diesel,imports_ml,National
2015-01-01,1398.9,Diesel,imports_ml,National
2015-02-01,1144.1,Diesel,imports_ml,National
2015-03-01,991.5,Diesel,imports_ml,National
2015-04-01,1390.0,Diesel,imports_ml,National
2015-05-01,1593.1,Diesel,imports_ml,National
2015-06-01,1439.2,Diesel,imports_ml,National
2015-07-01,1357.5,Diesel,imports_ml,National
2015-08-01,1558.6,Diesel,imports_ml,National
2015-09-01,1619.0,Diesel,imports_ml,National
2015-10-01,1604.2,Diesel,imports_ml,National
2015-11-01,1269.9,Diesel,imports_ml,National
2015-12-01,1579.8,Diesel,imports_ml,National
2016-01-01,1212.9,Diesel,imports_ml,National
2016-02-01,1272.8,Diesel,imports_ml,National
2016-03-01,1548.5,Diesel,imports_ml,National
2016-04-01,1614.2,Diesel,imports_ml,National
2016-05-01,1686.6,Diesel,imports_ml,National
2016-06-01,1434.5,Diesel,imports_ml,National
2016-07-01,1376.1,Diesel,imports_ml,National
2016-08-01,1454.9,Diesel,imports_ml,National
2016-09-01,1640.4,Diesel,imports_ml,National
2016-10-01,1332.2,Diesel,imports_ml,National
2016-11-01,1494.5,Diesel,imports_ml,National
2016-12-01,1813.3,Diesel,imports_ml,National
2017-01-01,1362.5,Diesel,imports_ml,National
2017-02-01,1595.7,Diesel,imports_ml,National
2017-03-01,1869.1,Diesel,imports_ml,National
2017-04-01,1494.3,Diesel,imports_ml,National
2017-05-01,1529.8,Diesel,imports_ml,National
2017-06-01,1550.3,Diesel,imports_ml,National
2017-07-01,1771.6,Diesel,imports_ml,National
2017-08-01,1866.3,Diesel,imports_ml,National
2017-09-01,1607.4,Diesel,imports_ml,National
2017-10-01,1700.4,Diesel,imports_ml,National
2017-11-01,1705.4,Diesel,imports_ml,National
2017-12-01,1424.3,Diesel,imports_ml,National
2018-01-01,1881.6,Diesel,imports_ml,National
2018-02-01,1512.4,Diesel,imports_ml,National
2018-03-01,1552.3,Diesel,imports_ml,National
2018-04-01,1738.1,Diesel,imports_ml,National
2018-05-01,1779.2,Diesel,imports_ml,National
2018-06-01,1588.4,Diesel,imports_ml,National
2018-07-01,1817.7,Diesel,imports_ml,National
2018-08-01,1621.1,Diesel,imports_ml,National
2018-09-01,1752.9,Diesel,imports_ml,National
2018-10-01,1824.9,Diesel,imports_ml,National
2018-11-01,1793.9,Diesel,imports_ml,National
2018-12-01,1879.6,Diesel,imports_ml,National
2019-01-01,1458.7,Diesel,imports_ml,National
2019-02-01,1371.7,Diesel,imports_ml,National
2019-03-01,1756.8,Diesel,imports_ml,National
2019-04-01,1768.6,Diesel,imports_ml,National
2019-05-01,1835.4,Diesel,imports_ml,National
2019-06-01,1674.7,Diesel,imports_ml,National
2019-07-01,1903.3,Diesel,imports_ml,National
2019-08-01,2020.2,Diesel,imports_ml,National
2019-09-01,1756.2,Diesel,imports_ml,National
2019-10-01,1807.7,Diesel,imports_ml,National
2019-11-01,1782.0,Diesel,imports_ml,National
2019-12-01,1833.3,Diesel,imports_ml,National
2020-01-01,1820.6,Diesel,imports_ml,National
2020-02-01,1642.5,Diesel,imports_ml,National
2020-03-01,1505.3,Diesel,imports_ml,National
2020-04-01,1790.9,Diesel,imports_ml,National
2020-05-01,2022.9,Diesel,imports_ml,National
2020-06-01,2062.5,Diesel,imports_ml,National
2020-07-01,2023.5,Diesel,imports_ml,National
2020-08-01,1992.9,Diesel,imports_ml,National
2020-09-01,1806.0,Diesel,imports_ml,National
2020-10-01,1764.9,Diesel,imports_ml,National
2020-11-01,1865.3,Diesel,imports_ml,National
2020-12-01,1586.4,Diesel,imports_ml,National
2021-01-01,1908.3,Diesel,imports_ml,National
2021-02-01,1553.2,Diesel,imports_ml,National
2021-03-01,2044.9,Diesel,imports_ml,National
2021-04-01,2107.6,Diesel,imports_ml,National
2021-05-01,1726.2,Diesel,imports_ml,National
2021-06-01,2325.5,Diesel,imports_ml,National
2021-07-01,2206.3,Diesel,imports_ml,National
2021-08-01,2124.0,Diesel,imports_ml,National
2021-09-01,2030.9,Diesel,imports_ml,National
2021-10-01,2368.0,Diesel,imports_ml,National
2021-11-01,2545.8,Diesel,imports_ml,National
2021-12-01,2119.1,Diesel,imports_ml,National
2022-01-01,1939.6,Diesel,imports_ml,National
2022-02-01,1873.2,Diesel,imports_ml,National
2022-03-01,2097.5,Diesel,imports_ml,National
2022-04-01,2023.4,Diesel,imports_ml,National
2022-05-01,2638.6,Diesel,imports_ml,National
2022-06-01,2434.1,Diesel,imports_ml,National
2022-07-01,2222.8,Diesel,imports_ml,National
2022-08-01,2706.7,Diesel,imports_ml,National
2022-09-01,2796.2,Diesel,imports_ml,National
2022-10-01,2481.9,Diesel,imports_ml,National
2022-11-01,2301.2,Diesel,imports_ml,National
2022-12-01,2333.3,Diesel,imports_ml,National
2023-01-01,2186.3,Diesel,imports_ml,National
2023-02-01,2292.4,Diesel,imports_ml,National
2023-03-01,2607.3,Diesel,imports_ml,National
2023-04-01,1980.2,Diesel,imports_ml,National
2023-05-01,3154.5,Diesel,imports_ml,National
2023-06-01,2735.3,Diesel,imports_ml,National
2023-07-01,2867.9,Diesel,imports_ml,National
2023-08-01,2825.9,Diesel,imports_ml,National
2023-09-01,2602.5,Diesel,imports_ml,National
2023-10-01,2602.9,Diesel,imports_ml,National
2023-11-01,2323.6,Diesel,imports_ml,National
2023-12-01,2520.6,Diesel,imports_ml,National
2024-01-01,2572.5,Diesel,imports_ml,National
2024-02-01,2301.8,Diesel,imports_ml,National
2024-03-01,2153.0,Diesel,imports_ml,National
2024-04-01,2472.9,Diesel,imports_ml,National
2024-05-01,2790.2,Diesel,imports_ml,National
2024-06-01,2638.9,Diesel,imports_ml,National
2024-07-01,2924.5,Diesel,imports_ml,National
2024-08-01,2311.1,Diesel,imports_ml,National
2024-09-01,2437.0,Diesel,imports_ml,National
2024-10-01,2568.1,Diesel,imports_ml,National
2024-11-01,2519.9,Diesel,imports_ml,National
2024-12-01,2853.7,Diesel,imports_ml,National
2025-01-01,2650.0,Diesel,imports_ml,National
2025-02-01,1847.2,Diesel,imports_ml,National
2025-03-01,2512.8,Diesel,imports_ml,National
2025-04-01,2311.7,Diesel,imports_ml,National
2025-05-01,2561.8,Diesel,imports_ml,National
2025-06-01,2440.7,Diesel,imports_ml,National
2025-07-01,2912.9,Diesel,imports_ml,National
2025-08-01,2601.4,Diesel,imports_ml,National
2025-09-01,2775.8,Diesel,imports_ml,National
2025-10-01,2480.5,Diesel,imports_ml,National
2025-11-01,2405.1,Diesel,imports_ml,National
2025-12-01,2724.4,Diesel,imports_ml,National
2026-01-01,2654.4,Diesel,imports_ml,National
2026-02-01,2432.6,Diesel,imports_ml,National
2026-03-01,2184.6,Diesel,imports_ml,National
2026-04-01,2985.6,Diesel,imports_ml,National
2026-05-01,3020.9,Diesel,imports_ml,National
2026-06-01,2539.6,Diesel,imports_ml,National
2026-07-01,2590.1,Diesel,imports_ml,National
2010-07-01,207.3,Petrol,imports_ml,National
2010-08-01,151.9,Petrol,imports_ml,National
2010-09-01,155.8,Petrol,imports_ml,National
2010-10-01,225.0,Petrol,imports_ml,National
2010-11-01,271.5,Petrol,imports_ml,National
2010-12-01,215.1,Petrol,imports_ml,National
2011-01-01,225.6,Petrol,imports_ml,National
2011-02-01,405.4,Petrol,imports_ml,National
2011-03-01,196.0,Petrol,imports_ml,National
2011-04-01,220.0,Petrol,imports_ml,National
2011-05-01,203.2,Petrol,imports_ml,National
2011-06-01,176.1,Petrol,imports_ml,National
2011-07-01,234.1,Petrol,imports_ml,National
2011-08-01,264.8,Petrol,imports_ml,National
2011-09-01,276.3,Petrol,imports_ml,National
2011-10-01,321.9,Petrol,imports_ml,National
2011-11-01,337.9,Petrol,imports_ml,National
2011-12-01,516.7,Petrol,imports_ml,National
2012-01-01,162.9,Petrol,imports_ml,National
2012-02-01,320.8,Petrol,imports_ml,National
2012-03-01,402.7,Petrol,imports_ml,National
2012-04-01,383.6,Petrol,imports_ml,National
2012-05-01,250.7,Petrol,imports_ml,National
2012-06-01,199.3,Petrol,imports_ml,National
2012-07-01,212.7,Petrol,imports_ml,National
2012-08-01,182.9,Petrol,imports_ml,National
2012-09-01,191.9,Petrol,imports_ml,National
2012-10-01,360.5,Petrol,imports_ml,National
2012-11-01,315.9,Petrol,imports_ml,National
2012-12-01,299.7,Petrol,imports_ml,National
2013-01-01,373.6,Petrol,imports_ml,National
2013-02-01,376.9,Petrol,imports_ml,National
2013-03-01,358.4,Petrol,imports_ml,National
2013-04-01,404.1,Petrol,imports_ml,National
2013-05-01,361.1,Petrol,imports_ml,National
2013-06-01,215.5,Petrol,imports_ml,National
2013-07-01,273.7,Petrol,imports_ml,National
2013-08-01,177.6,Petrol,imports_ml,National
2013-09-01,280.3,Petrol,imports_ml,National
2013-10-01,286.3,Petrol,imports_ml,National
2013-11-01,277.8,Petrol,imports_ml,National
2013-12-01,303.3,Petrol,imports_ml,National
2014-01-01,412.8,Petrol,imports_ml,National
2014-02-01,326.8,Petrol,imports_ml,National
2014-03-01,244.5,Petrol,imports_ml,National
2014-04-01,256.9,Petrol,imports_ml,National
2014-05-01,463.2,Petrol,imports_ml,National
2014-06-01,295.1,Petrol,imports_ml,National
2014-07-01,197.9,Petrol,imports_ml,National
2014-08-01,174.5,Petrol,imports_ml,National
2014-09-01,379.7,Petrol,imports_ml,National
2014-10-01,435.9,Petrol,imports_ml,National
2014-11-01,451.6,Petrol,imports_ml,National
2014-12-01,417.0,Petrol,imports_ml,National
2015-01-01,510.6,Petrol,imports_ml,National
2015-02-01,616.5,Petrol,imports_ml,National
2015-03-01,547.7,Petrol,imports_ml,National
2015-04-01,571.6,Petrol,imports_ml,National
2015-05-01,733.7,Petrol,imports_ml,National
2015-06-01,497.6,Petrol,imports_ml,National
2015-07-01,588.0,Petrol,imports_ml,National
2015-08-01,491.8,Petrol,imports_ml,National
2015-09-01,558.8,Petrol,imports_ml,National
2015-10-01,567.8,Petrol,imports_ml,National
2015-11-01,611.7,Petrol,imports_ml,National
2015-12-01,665.1,Petrol,imports_ml,National
2016-01-01,569.2,Petrol,imports_ml,National
2016-02-01,487.1,Petrol,imports_ml,National
2016-03-01,591.8,Petrol,imports_ml,National
2016-04-01,516.6,Petrol,imports_ml,National
2016-05-01,509.1,Petrol,imports_ml,National
2016-06-01,480.6,Petrol,imports_ml,National
2016-07-01,502.7,Petrol,imports_ml,National
2016-08-01,375.6,Petrol,imports_ml,National
2016-09-01,601.8,Petrol,imports_ml,National
2016-10-01,701.5,Petrol,imports_ml,National
2016-11-01,621.1,Petrol,imports_ml,National
2016-12-01,482.4,Petrol,imports_ml,National
2017-01-01,580.4,Petrol,imports_ml,National
2017-02-01,675.2,Petrol,imports_ml,National
2017-03-01,964.9,Petrol,imports_ml,National
2017-04-01,471.8,Petrol,imports_ml,National
2017-05-01,595.2,Petrol,imports_ml,National
2017-06-01,378.3,Petrol,imports_ml,National
2017-07-01,403.3,Petrol,imports_ml,National
2017-08-01,605.8,Petrol,imports_ml,National
2017-09-01,287.1,Petrol,imports_ml,National
2017-10-01,640.3,Petrol,imports_ml,National
2017-11-01,529.5,Petrol,imports_ml,National
2017-12-01,442.2,Petrol,imports_ml,National
2018-01-01,680.7,Petrol,imports_ml,National
2018-02-01,688.9,Petrol,imports_ml,National
2018-03-01,495.9,Petrol,imports_ml,National
2018-04-01,485.8,Petrol,imports_ml,National
2018-05-01,652.5,Petrol,imports_ml,National
2018-06-01,466.0,Petrol,imports_ml,National
2018-07-01,504.9,Petrol,imports_ml,National
2018-08-01,395.6,Petrol,imports_ml,National
2018-09-01,216.4,Petrol,imports_ml,National
2018-10-01,614.4,Petrol,imports_ml,National
2018-11-01,510.8,Petrol,imports_ml,National
2018-12-01,406.5,Petrol,imports_ml,National
2019-01-01,847.2,Petrol,imports_ml,National
2019-02-01,484.1,Petrol,imports_ml,National
2019-03-01,703.3,Petrol,imports_ml,National
2019-04-01,446.7,Petrol,imports_ml,National
2019-05-01,550.6,Petrol,imports_ml,National
2019-06-01,385.8,Petrol,imports_ml,National
2019-07-01,556.5,Petrol,imports_ml,National
2019-08-01,557.4,Petrol,imports_ml,National
2019-09-01,636.2,Petrol,imports_ml,National
2019-10-01,506.6,Petrol,imports_ml,National
2019-11-01,524.4,Petrol,imports_ml,National
2019-12-01,470.7,Petrol,imports_ml,National
2020-01-01,506.8,Petrol,imports_ml,National
2020-02-01,462.4,Petrol,imports_ml,National
2020-03-01,495.6,Petrol,imports_ml,National
2020-04-01,333.7,Petrol,imports_ml,National
2020-05-01,281.0,Petrol,imports_ml,National
2020-06-01,574.6,Petrol,imports_ml,National
2020-07-01,847.7,Petrol,imports_ml,National
2020-08-01,608.1,Petrol,imports_ml,National
2020-09-01,528.0,Petrol,imports_ml,National
2020-10-01,563.9,Petrol,imports_ml,National
2020-11-01,516.9,Petrol,imports_ml,National
2020-12-01,532.1,Petrol,imports_ml,National
2021-01-01,572.2,Petrol,imports_ml,National
2021-02-01,745.0,Petrol,imports_ml,National
2021-03-01,748.9,Petrol,imports_ml,National
2021-04-01,715.7,Petrol,imports_ml,National
2021-05-01,557.0,Petrol,imports_ml,National
2021-06-01,782.8,Petrol,imports_ml,National
2021-07-01,509.3,Petrol,imports_ml,National
2021-08-01,689.6,Petrol,imports_ml,National
2021-09-01,408.4,Petrol,imports_ml,National
2021-10-01,665.5,Petrol,imports_ml,National
2021-11-01,657.8,Petrol,imports_ml,National
2021-12-01,1018.8,Petrol,imports_ml,National
2022-01-01,894.9,Petrol,imports_ml,National
2022-02-01,750.1,Petrol,imports_ml,National
2022-03-01,970.6,Petrol,imports_ml,National
2022-04-01,485.4,Petrol,imports_ml,National
2022-05-01,842.3,Petrol,imports_ml,National
2022-06-01,934.4,Petrol,imports_ml,National
2022-07-01,621.3,Petrol,imports_ml,National
2022-08-01,741.6,Petrol,imports_ml,National
2022-09-01,978.3,Petrol,imports_ml,National
2022-10-01,717.1,Petrol,imports_ml,National
2022-11-01,913.3,Petrol,imports_ml,National
2022-12-01,830.3,Petrol,imports_ml,National
2023-01-01,838.0,Petrol,imports_ml,National
2023-02-01,913.8,Petrol,imports_ml,National
2023-03-01,791.2,Petrol,imports_ml,National
2023-04-01,921.9,Petrol,imports_ml,National
2023-05-01,1043.2,Petrol,imports_ml,National
2023-06-01,792.4,Petrol,imports_ml,National
2023-07-01,831.6,Petrol,imports_ml,National
2023-08-01,912.4,Petrol,imports_ml,National
2023-09-01,707.6,Petrol,imports_ml,National
2023-10-01,879.5,Petrol,imports_ml,National
2023-11-01,829.8,Petrol,imports_ml,National
2023-12-01,965.3,Petrol,imports_ml,National
2024-01-01,850.3,Petrol,imports_ml,National
2024-02-01,889.3,Petrol,imports_ml,National
2024-03-01,1040.4,Petrol,imports_ml,National
2024-04-01,839.8,Petrol,imports_ml,National
2024-05-01,766.5,Petrol,imports_ml,National
2024-06-01,760.1,Petrol,imports_ml,National
2024-07-01,1110.4,Petrol,imports_ml,National
2024-08-01,719.0,Petrol,imports_ml,National
2024-09-01,899.5,Petrol,imports_ml,National
2024-10-01,746.5,Petrol,imports_ml,National
2024-11-01,832.2,Petrol,imports_ml,National
2024-12-01,1254.3,Petrol,imports_ml,National
2025-01-01,1125.4,Petrol,imports_ml,National
2025-02-01,692.3,Petrol,imports_ml,National
2025-03-01,736.4,Petrol,imports_ml,National
2025-04-01,996.1,Petrol,imports_ml,National
2025-05-01,942.9,Petrol,imports_ml,National
2025-06-01,749.2,Petrol,imports_ml,National
2025-07-01,907.3,Petrol,imports_ml,National
2025-08-01,934.9,Petrol,imports_ml,National
2025-09-01,1029.4,Petrol,imports_ml,National
2025-10-01,1085.3,Petrol,imports_ml,National
2025-11-01,895.8,Petrol,imports_ml,National
2025-12-01,829.8,Petrol,imports_ml,National
2026-01-01,1020.6,Petrol,imports_ml,National
2026-02-01,861.0,Petrol,imports_ml,National
2026-03-01,1052.7,Petrol,imports_ml,National
2026-04-01,952.4,Petrol,imports_ml,National
2026-05-01,872.9,Petrol,imports_ml,National
2026-06-01,815.0,Petrol,imports_ml,National
2026-07-01,837.6,Petrol,imports_ml,National
2010-07-01,1181.7,Diesel,refinery_ml,National
2010-08-01,1144.5,Diesel,refinery_ml,National
2010-09-01,943.5,Diesel,refinery_ml,National
2010-10-01,1066.1,Diesel,refinery_ml,National
2010-11-01,1053.6,Diesel,refinery_ml,National
2010-12-01,1041.7,Diesel,refinery_ml,National
2011-01-01,1014.9,Diesel,refinery_ml,National
2011-02-01,1047.6,Diesel,refinery_ml,National
2011-03-01,1164.9,Diesel,refinery_ml,National
2011-04-01,1110.5,Diesel,refinery_ml,National
2011-05-01,993.7,Diesel,refinery_ml,National
2011-06-01,1131.6,Diesel,refinery_ml,National
2011-07-01,1115.9,Diesel,refinery_ml,National
2011-08-01,1162.1,Diesel,refinery_ml,National
2011-09-01,1023.3,Diesel,refinery_ml,National
2011-10-01,1018.6,Diesel,refinery_ml,National
2011-11-01,1110.8,Diesel,refinery_ml,National
2011-12-01,1257.4,Diesel,refinery_ml,National
2012-01-01,1052.5,Diesel,refinery_ml,National
2012-02-01,1035.9,Diesel,refinery_ml,National
2012-03-01,1194.2,Diesel,refinery_ml,National
2012-04-01,764.6,Diesel,refinery_ml,National
2012-05-01,936.6,Diesel,refinery_ml,National
2012-06-01,1019.4,Diesel,refinery_ml,National
2012-07-01,1103.1,Diesel,refinery_ml,National
2012-08-01,1141.5,Diesel,refinery_ml,National
2012-09-01,1135.2,Diesel,refinery_ml,National
2012-10-01,1151.8,Diesel,refinery_ml,National
2012-11-01,1077.1,Diesel,refinery_ml,National
2012-12-01,1141.0,Diesel,refinery_ml,National
2013-01-01,1170.8,Diesel,refinery_ml,National
2013-02-01,1015.2,Diesel,refinery_ml,National
2013-03-01,1004.7,Diesel,refinery_ml,National
2013-04-01,904.3,Diesel,refinery_ml,National
2013-05-01,1036.0,Diesel,refinery_ml,National
2013-06-01,1027.8,Diesel,refinery_ml,National
2013-07-01,992.0,Diesel,refinery_ml,National
2013-08-01,941.6,Diesel,refinery_ml,National
2013-09-01,1006.9,Diesel,refinery_ml,National
2013-10-01,1105.7,Diesel,refinery_ml,National
2013-11-01,1044.9,Diesel,refinery_ml,National
2013-12-01,1181.2,Diesel,refinery_ml,National
2014-01-01,1036.0,Diesel,refinery_ml,National
2014-02-01,1016.1,Diesel,refinery_ml,National
2014-03-01,1112.2,Diesel,refinery_ml,National
2014-04-01,1051.1,Diesel,refinery_ml,National
2014-05-01,1007.6,Diesel,refinery_ml,National
2014-06-01,960.9,Diesel,refinery_ml,National
2014-07-01,1049.3,Diesel,refinery_ml,National
2014-08-01,1122.0,Diesel,refinery_ml,National
2014-09-01,1068.4,Diesel,refinery_ml,National
2014-10-01,1005.9,Diesel,refinery_ml,National
2014-11-01,996.2,Diesel,refinery_ml,National
2014-12-01,1074.0,Diesel,refinery_ml,National
2015-01-01,921.2,Diesel,refinery_ml,National
2015-02-01,964.6,Diesel,refinery_ml,National
2015-03-01,928.3,Diesel,refinery_ml,National
2015-04-01,974.0,Diesel,refinery_ml,National
2015-05-01,771.0,Diesel,refinery_ml,National
2015-06-01,584.2,Diesel,refinery_ml,National
2015-07-01,794.3,Diesel,refinery_ml,National
2015-08-01,749.7,Diesel,refinery_ml,National
2015-09-01,706.6,Diesel,refinery_ml,National
2015-10-01,695.8,Diesel,refinery_ml,National
2015-11-01,743.1,Diesel,refinery_ml,National
2015-12-01,815.6,Diesel,refinery_ml,National
2016-01-01,731.7,Diesel,refinery_ml,National
2016-02-01,731.4,Diesel,refinery_ml,National
2016-03-01,817.0,Diesel,refinery_ml,National
2016-04-01,758.8,Diesel,refinery_ml,National
2016-05-01,683.1,Diesel,refinery_ml,National
2016-06-01,753.2,Diesel,refinery_ml,National
2016-07-01,772.2,Diesel,refinery_ml,National
2016-08-01,728.3,Diesel,refinery_ml,National
2016-09-01,699.2,Diesel,refinery_ml,National
2016-10-01,740.0,Diesel,refinery_ml,National
2016-11-01,780.6,Diesel,refinery_ml,National
2016-12-01,744.1,Diesel,refinery_ml,National
2017-01-01,741.7,Diesel,refinery_ml,National
2017-02-01,594.4,Diesel,refinery_ml,National
2017-03-01,554.9,Diesel,refinery_ml,National
2017-04-01,786.2,Diesel,refinery_ml,National
2017-05-01,776.3,Diesel,refinery_ml,National
2017-06-01,746.0,Diesel,refinery_ml,National
2017-07-01,785.9,Diesel,refinery_ml,National
2017-08-01,664.4,Diesel,refinery_ml,National
2017-09-01,722.9,Diesel,refinery_ml,National
2017-10-01,778.6,Diesel,refinery_ml,National
2017-11-01,812.6,Diesel,refinery_ml,National
2017-12-01,789.8,Diesel,refinery_ml,National
2018-01-01,803.8,Diesel,refinery_ml,National
2018-02-01,678.2,Diesel,refinery_ml,National
2018-03-01,824.0,Diesel,refinery_ml,National
2018-04-01,769.6,Diesel,refinery_ml,National
2018-05-01,800.8,Diesel,refinery_ml,National
2018-06-01,755.2,Diesel,refinery_ml,National
2018-07-01,799.5,Diesel,refinery_ml,National
2018-08-01,691.0,Diesel,refinery_ml,National
2018-09-01,814.0,Diesel,refinery_ml,National
2018-10-01,604.8,Diesel,refinery_ml,National
2018-11-01,730.3,Diesel,refinery_ml,National
2018-12-01,798.6,Diesel,refinery_ml,National
2019-01-01,781.9,Diesel,refinery_ml,National
2019-02-01,752.0,Diesel,refinery_ml,National
2019-03-01,772.2,Diesel,refinery_ml,National
2019-04-01,744.1,Diesel,refinery_ml,National
2019-05-01,798.6,Diesel,refinery_ml,National
2019-06-01,737.0,Diesel,refinery_ml,National
2019-07-01,717.8,Diesel,refinery_ml,National
2019-08-01,573.8,Diesel,refinery_ml,National
2019-09-01,715.7,Diesel,refinery_ml,National
2019-10-01,694.2,Diesel,refinery_ml,National
2019-11-01,614.7,Diesel,refinery_ml,National
2019-12-01,833.6,Diesel,refinery_ml,National
2020-01-01,812.7,Diesel,refinery_ml,National
2020-02-01,722.3,Diesel,refinery_ml,National
2020-03-01,830.2,Diesel,refinery_ml,National
2020-04-01,770.5,Diesel,refinery_ml,National
2020-05-01,517.5,Diesel,refinery_ml,National
2020-06-01,584.6,Diesel,refinery_ml,National
2020-07-01,624.4,Diesel,refinery_ml,National
2020-08-01,546.6,Diesel,refinery_ml,National
2020-09-01,580.9,Diesel,refinery_ml,National
2020-10-01,842.0,Diesel,refinery_ml,National
2020-11-01,824.9,Diesel,refinery_ml,National
2020-12-01,819.2,Diesel,refinery_ml,National
2021-01-01,802.4,Diesel,refinery_ml,National
2021-02-01,640.5,Diesel,refinery_ml,National
2021-03-01,611.4,Diesel,refinery_ml,National
2021-04-01,634.8,Diesel,refinery_ml,National
2021-05-01,594.9,Diesel,refinery_ml,National
2021-06-01,637.4,Diesel,refinery_ml,National
2021-07-01,560.7,Diesel,refinery_ml,National
2021-08-01,517.9,Diesel,refinery_ml,National
2021-09-01,434.2,Diesel,refinery_ml,National
2021-10-01,446.2,Diesel,refinery_ml,National
2021-11-01,447.9,Diesel,refinery_ml,National
2021-12-01,517.6,Diesel,refinery_ml,National
2022-01-01,494.2,Diesel,refinery_ml,National
2022-02-01,401.2,Diesel,refinery_ml,National
2022-03-01,487.0,Diesel,refinery_ml,National
2022-04-01,501.7,Diesel,refinery_ml,National
2022-05-01,494.1,Diesel,refinery_ml,National
2022-06-01,469.4,Diesel,refinery_ml,National
2022-07-01,452.3,Diesel,refinery_ml,National
2022-08-01,368.7,Diesel,refinery_ml,National
2022-09-01,467.3,Diesel,refinery_ml,National
2022-10-01,437.1,Diesel,refinery_ml,National
2022-11-01,452.0,Diesel,refinery_ml,National
2022-12-01,479.5,Diesel,refinery_ml,National
2023-01-01,446.8,Diesel,refinery_ml,National
2023-02-01,417.3,Diesel,refinery_ml,National
2023-03-01,414.5,Diesel,refinery_ml,National
2023-04-01,426.9,Diesel,refinery_ml,National
2023-05-01,434.5,Diesel,refinery_ml,National
2023-06-01,381.8,Diesel,refinery_ml,National
2023-07-01,369.3,Diesel,refinery_ml,National
2023-08-01,337.4,Diesel,refinery_ml,National
2023-09-01,387.0,Diesel,refinery_ml,National
2023-10-01,378.1,Diesel,refinery_ml,National
2023-11-01,385.4,Diesel,refinery_ml,National
2023-12-01,383.9,Diesel,refinery_ml,National
2024-01-01,343.0,Diesel,refinery_ml,National
2024-02-01,349.7,Diesel,refinery_ml,National
2024-03-01,365.1,Diesel,refinery_ml,National
2024-04-01,353.4,Diesel,refinery_ml,National
2024-05-01,355.6,Diesel,refinery_ml,National
2024-06-01,347.8,Diesel,refinery_ml,National
2024-07-01,350.3,Diesel,refinery_ml,National
2024-08-01,320.4,Diesel,refinery_ml,National
2024-09-01,392.3,Diesel,refinery_ml,National
2024-10-01,409.8,Diesel,refinery_ml,National
2024-11-01,391.5,Diesel,refinery_ml,National
2024-12-01,440.6,Diesel,refinery_ml,National
2025-01-01,376.3,Diesel,refinery_ml,National
2025-02-01,367.1,Diesel,refinery_ml,National
2025-03-01,388.4,Diesel,refinery_ml,National
2025-04-01,410.5,Diesel,refinery_ml,National
2025-05-01,376.5,Diesel,refinery_ml,National
2025-06-01,366.0,Diesel,refinery_ml,National
2025-07-01,386.5,Diesel,refinery_ml,National
2025-08-01,373.9,Diesel,refinery_ml,National
2025-09-01,371.2,Diesel,refinery_ml,National
2025-10-01,371.7,Diesel,refinery_ml,National
2025-11-01,365.2,Diesel,refinery_ml,National
2025-12-01,454.3,Diesel,refinery_ml,National
2026-01-01,428.0,Diesel,refinery_ml,National
2026-02-01,382.9,Diesel,refinery_ml,National
2026-03-01,459.2,Diesel,refinery_ml,National
2026-04-01,421.2,Diesel,refinery_ml,National
2026-05-01,402.5,Diesel,refinery_ml,National
2026-06-01,376.2,Diesel,refinery_ml,National
2026-07-01,423.6,Diesel,refinery_ml,National
2010-07-01,1493.1,Petrol,refinery_ml,National
2010-08-01,1429.6,Petrol,refinery_ml,National
2010-09-01,1392.6,Petrol,refinery_ml,National
2010-10-01,1362.6,Petrol,refinery_ml,National
2010-11-01,1366.9,Petrol,refinery_ml,National
2010-12-01,1428.3,Petrol,refinery_ml,National
2011-01-01,1319.6,Petrol,refinery_ml,National
2011-02-01,1228.1,Petrol,refinery_ml,National
2011-03-01,1463.3,Petrol,refinery_ml,National
2011-04-01,1373.2,Petrol,refinery_ml,National
2011-05-01,1377.7,Petrol,refinery_ml,National
2011-06-01,1407.6,Petrol,refinery_ml,National
2011-07-01,1393.0,Petrol,refinery_ml,National
2011-08-01,1401.7,Petrol,refinery_ml,National
2011-09-01,1343.9,Petrol,refinery_ml,National
2011-10-01,1171.9,Petrol,refinery_ml,National
2011-11-01,1331.0,Petrol,refinery_ml,National
2011-12-01,1380.6,Petrol,refinery_ml,National
2012-01-01,1280.7,Petrol,refinery_ml,National
2012-02-01,1236.4,Petrol,refinery_ml,National
2012-03-01,1294.7,Petrol,refinery_ml,National
2012-04-01,1026.5,Petrol,refinery_ml,National
2012-05-01,1332.6,Petrol,refinery_ml,National
2012-06-01,1380.2,Petrol,refinery_ml,National
2012-07-01,1388.7,Petrol,refinery_ml,National
2012-08-01,1430.1,Petrol,refinery_ml,National
2012-09-01,1310.2,Petrol,refinery_ml,National
2012-10-01,1367.4,Petrol,refinery_ml,National
2012-11-01,1223.3,Petrol,refinery_ml,National
2012-12-01,1303.9,Petrol,refinery_ml,National
2013-01-01,1448.7,Petrol,refinery_ml,National
2013-02-01,1194.5,Petrol,refinery_ml,National
2013-03-01,1266.6,Petrol,refinery_ml,National
2013-04-01,1161.6,Petrol,refinery_ml,National
2013-05-01,1204.4,Petrol,refinery_ml,National
2013-06-01,1303.4,Petrol,refinery_ml,National
2013-07-01,1250.6,Petrol,refinery_ml,National
2013-08-01,1335.6,Petrol,refinery_ml,National
2013-09-01,1184.2,Petrol,refinery_ml,National
2013-10-01,1281.4,Petrol,refinery_ml,National
2013-11-01,1199.2,Petrol,refinery_ml,National
2013-12-01,1271.9,Petrol,refinery_ml,National
2014-01-01,1202.6,Petrol,refinery_ml,National
2014-02-01,1080.2,Petrol,refinery_ml,National
2014-03-01,1254.8,Petrol,refinery_ml,National
2014-04-01,1237.8,Petrol,refinery_ml,National
2014-05-01,1046.0,Petrol,refinery_ml,National
2014-06-01,1133.4,Petrol,refinery_ml,National
2014-07-01,1293.6,Petrol,refinery_ml,National
2014-08-01,1297.1,Petrol,refinery_ml,National
2014-09-01,1122.5,Petrol,refinery_ml,National
2014-10-01,1153.0,Petrol,refinery_ml,National
2014-11-01,1069.2,Petrol,refinery_ml,National
2014-12-01,1094.2,Petrol,refinery_ml,National
2015-01-01,1032.5,Petrol,refinery_ml,National
2015-02-01,978.1,Petrol,refinery_ml,National
2015-03-01,997.1,Petrol,refinery_ml,National
2015-04-01,1059.4,Petrol,refinery_ml,National
2015-05-01,857.0,Petrol,refinery_ml,National
2015-06-01,799.5,Petrol,refinery_ml,National
2015-07-01,998.5,Petrol,refinery_ml,National
2015-08-01,960.4,Petrol,refinery_ml,National
2015-09-01,950.3,Petrol,refinery_ml,National
2015-10-01,872.2,Petrol,refinery_ml,National
2015-11-01,850.3,Petrol,refinery_ml,National
2015-12-01,1054.1,Petrol,refinery_ml,National
2016-01-01,1005.7,Petrol,refinery_ml,National
2016-02-01,906.1,Petrol,refinery_ml,National
2016-03-01,975.6,Petrol,refinery_ml,National
2016-04-01,1024.9,Petrol,refinery_ml,National
2016-05-01,1019.4,Petrol,refinery_ml,National
2016-06-01,1023.9,Petrol,refinery_ml,National
2016-07-01,976.5,Petrol,refinery_ml,National
2016-08-01,1047.8,Petrol,refinery_ml,National
2016-09-01,956.6,Petrol,refinery_ml,National
2016-10-01,918.7,Petrol,refinery_ml,National
2016-11-01,882.0,Petrol,refinery_ml,National
2016-12-01,955.5,Petrol,refinery_ml,National
2017-01-01,993.9,Petrol,refinery_ml,National
2017-02-01,711.3,Petrol,refinery_ml,National
2017-03-01,754.8,Petrol,refinery_ml,National
2017-04-01,948.3,Petrol,refinery_ml,National
2017-05-01,949.1,Petrol,refinery_ml,National
2017-06-01,949.4,Petrol,refinery_ml,National
2017-07-01,1049.9,Petrol,refinery_ml,National
2017-08-01,991.8,Petrol,refinery_ml,National
2017-09-01,960.5,Petrol,refinery_ml,National
2017-10-01,942.3,Petrol,refinery_ml,National
2017-11-01,924.6,Petrol,refinery_ml,National
2017-12-01,993.5,Petrol,refinery_ml,National
2018-01-01,943.7,Petrol,refinery_ml,National
2018-02-01,850.2,Petrol,refinery_ml,National
2018-03-01,894.0,Petrol,refinery_ml,National
2018-04-01,924.5,Petrol,refinery_ml,National
2018-05-01,973.5,Petrol,refinery_ml,National
2018-06-01,966.9,Petrol,refinery_ml,National
2018-07-01,1017.9,Petrol,refinery_ml,National
2018-08-01,984.5,Petrol,refinery_ml,National
2018-09-01,981.4,Petrol,refinery_ml,National
2018-10-01,899.1,Petrol,refinery_ml,National
2018-11-01,898.1,Petrol,refinery_ml,National
2018-12-01,949.1,Petrol,refinery_ml,National
2019-01-01,886.6,Petrol,refinery_ml,National
2019-02-01,811.9,Petrol,refinery_ml,National
2019-03-01,871.0,Petrol,refinery_ml,National
2019-04-01,893.9,Petrol,refinery_ml,National
2019-05-01,988.7,Petrol,refinery_ml,National
2019-06-01,970.1,Petrol,refinery_ml,National
2019-07-01,919.7,Petrol,refinery_ml,National
2019-08-01,815.6,Petrol,refinery_ml,National
2019-09-01,833.9,Petrol,refinery_ml,National
2019-10-01,808.4,Petrol,refinery_ml,National
2019-11-01,853.4,Petrol,refinery_ml,National
2019-12-01,986.8,Petrol,refinery_ml,National
2020-01-01,915.6,Petrol,refinery_ml,National
2020-02-01,873.1,Petrol,refinery_ml,National
2020-03-01,897.3,Petrol,refinery_ml,National
2020-04-01,667.5,Petrol,refinery_ml,National
2020-05-01,567.5,Petrol,refinery_ml,National
2020-06-01,612.2,Petrol,refinery_ml,National
2020-07-01,619.3,Petrol,refinery_ml,National
2020-08-01,556.4,Petrol,refinery_ml,National
2020-09-01,574.5,Petrol,refinery_ml,National
2020-10-01,813.2,Petrol,refinery_ml,National
2020-11-01,836.6,Petrol,refinery_ml,National
2020-12-01,939.5,Petrol,refinery_ml,National
2021-01-01,870.3,Petrol,refinery_ml,National
2021-02-01,703.6,Petrol,refinery_ml,National
2021-03-01,699.6,Petrol,refinery_ml,National
2021-04-01,655.1,Petrol,refinery_ml,National
2021-05-01,733.6,Petrol,refinery_ml,National
2021-06-01,675.8,Petrol,refinery_ml,National
2021-07-01,662.4,Petrol,refinery_ml,National
2021-08-01,569.8,Petrol,refinery_ml,National
2021-09-01,420.6,Petrol,refinery_ml,National
2021-10-01,432.2,Petrol,refinery_ml,National
2021-11-01,433.9,Petrol,refinery_ml,National
2021-12-01,501.5,Petrol,refinery_ml,National
2022-01-01,489.0,Petrol,refinery_ml,National
2022-02-01,397.0,Petrol,refinery_ml,National
2022-03-01,482.0,Petrol,refinery_ml,National
2022-04-01,496.5,Petrol,refinery_ml,National
2022-05-01,489.0,Petrol,refinery_ml,National
2022-06-01,464.5,Petrol,refinery_ml,National
2022-07-01,492.2,Petrol,refinery_ml,National
2022-08-01,401.3,Petrol,refinery_ml,National
2022-09-01,508.5,Petrol,refinery_ml,National
2022-10-01,475.6,Petrol,refinery_ml,National
2022-11-01,491.7,Petrol,refinery_ml,National
2022-12-01,521.6,Petrol,refinery_ml,National
2023-01-01,497.0,Petrol,refinery_ml,National
2023-02-01,464.2,Petrol,refinery_ml,National
2023-03-01,461.1,Petrol,refinery_ml,National
2023-04-01,486.3,Petrol,refinery_ml,National
2023-05-01,483.3,Petrol,refinery_ml,National
2023-06-01,424.7,Petrol,refinery_ml,National
2023-07-01,474.3,Petrol,refinery_ml,National
2023-08-01,433.4,Petrol,refinery_ml,National
2023-09-01,497.1,Petrol,refinery_ml,National
2023-10-01,485.7,Petrol,refinery_ml,National
2023-11-01,495.1,Petrol,refinery_ml,National
2023-12-01,493.1,Petrol,refinery_ml,National
2024-01-01,484.9,Petrol,refinery_ml,National
2024-02-01,494.3,Petrol,refinery_ml,National
2024-03-01,516.1,Petrol,refinery_ml,National
2024-04-01,506.8,Petrol,refinery_ml,National
2024-05-01,502.7,Petrol,refinery_ml,National
2024-06-01,491.7,Petrol,refinery_ml,National
2024-07-01,451.4,Petrol,refinery_ml,National
2024-08-01,410.1,Petrol,refinery_ml,National
2024-09-01,502.2,Petrol,refinery_ml,National
2024-10-01,524.5,Petrol,refinery_ml,National
2024-11-01,501.1,Petrol,refinery_ml,National
2024-12-01,564.0,Petrol,refinery_ml,National
2025-01-01,472.1,Petrol,refinery_ml,National
2025-02-01,460.5,Petrol,refinery_ml,National
2025-03-01,487.3,Petrol,refinery_ml,National
2025-04-01,515.0,Petrol,refinery_ml,National
2025-05-01,472.4,Petrol,refinery_ml,National
2025-06-01,459.1,Petrol,refinery_ml,National
2025-07-01,491.6,Petrol,refinery_ml,National
2025-08-01,475.6,Petrol,refinery_ml,National
2025-09-01,472.1,Petrol,refinery_ml,National
2025-10-01,505.2,Petrol,refinery_ml,National
2025-11-01,460.6,Petrol,refinery_ml,National
2025-12-01,564.7,Petrol,refinery_ml,National
2026-01-01,477.2,Petrol,refinery_ml,National
2026-02-01,426.8,Petrol,refinery_ml,National
2026-03-01,511.9,Petrol,refinery_ml,National
2026-04-01,469.5,Petrol,refinery_ml,National
2026-05-01,448.6,Petrol,refinery_ml,National
2026-06-01,419.4,Petrol,refinery_ml,National
2026-07-01,419.6,Petrol,refinery_ml,National
2010-07-01,938.6,Diesel,stocks_ml,National
2010-08-01,906.0,Diesel,stocks_ml,National
2010-09-01,1047.7,Diesel,stocks_ml,National
2010-10-01,959.4,Diesel,stocks_ml,National
2010-11-01,943.8,Diesel,stocks_ml,National
2010-12-01,934.2,Diesel,stocks_ml,National
2011-01-01,979.3,Diesel,stocks_ml,National
2011-02-01,914.4,Diesel,stocks_ml,National
2011-03-01,941.8,Diesel,stocks_ml,National
2011-04-01,1079.5,Diesel,stocks_ml,National
2011-05-01,1040.0,Diesel,stocks_ml,National
2011-06-01,1000.8,Diesel,stocks_ml,National
2011-07-01,961.5,Diesel,stocks_ml,National
2011-08-01,1029.8,Diesel,stocks_ml,National
2011-09-01,911.6,Diesel,stocks_ml,National
2011-10-01,947.7,Diesel,stocks_ml,National
2011-11-01,920.3,Diesel,stocks_ml,National
2011-12-01,1018.6,Diesel,stocks_ml,National
2012-01-01,1178.7,Diesel,stocks_ml,National
2012-02-01,976.9,Diesel,stocks_ml,National
2012-03-01,938.1,Diesel,stocks_ml,National
2012-04-01,1131.7,Diesel,stocks_ml,National
2012-05-01,1074.6,Diesel,stocks_ml,National
2012-06-01,1092.9,Diesel,stocks_ml,National
2012-07-01,1022.7,Diesel,stocks_ml,National
2012-08-01,995.3,Diesel,stocks_ml,National
2012-09-01,1021.6,Diesel,stocks_ml,National
2012-10-01,947.1,Diesel,stocks_ml,National
2012-11-01,674.3,Diesel,stocks_ml,National
2012-12-01,998.1,Diesel,stocks_ml,National
2013-01-01,1170.1,Diesel,stocks_ml,National
2013-02-01,1110.2,Diesel,stocks_ml,National
2013-03-01,1128.0,Diesel,stocks_ml,National
2013-04-01,1038.9,Diesel,stocks_ml,National
2013-05-01,1038.3,Diesel,stocks_ml,National
2013-06-01,1209.3,Diesel,stocks_ml,National
2013-07-01,1142.1,Diesel,stocks_ml,National
2013-08-01,1042.8,Diesel,stocks_ml,National
2013-09-01,1019.0,Diesel,stocks_ml,National
2013-10-01,1048.8,Diesel,stocks_ml,National
2013-11-01,1025.4,Diesel,stocks_ml,National
2013-12-01,1206.9,Diesel,stocks_ml,National
2014-01-01,1157.6,Diesel,stocks_ml,National
2014-02-01,978.8,Diesel,stocks_ml,National
2014-03-01,954.6,Diesel,stocks_ml,National
2014-04-01,838.3,Diesel,stocks_ml,National
2014-05-01,843.5,Diesel,stocks_ml,National
2014-06-01,785.5,Diesel,stocks_ml,National
2014-07-01,890.7,Diesel,stocks_ml,National
2014-08-01,1067.9,Diesel,stocks_ml,National
2014-09-01,1121.8,Diesel,stocks_ml,National
2014-10-01,885.8,Diesel,stocks_ml,National
2014-11-01,937.7,Diesel,stocks_ml,National
2014-12-01,1110.4,Diesel,stocks_ml,National
2015-01-01,1188.8,Diesel,stocks_ml,National
2015-02-01,1174.9,Diesel,stocks_ml,National
2015-03-01,1052.5,Diesel,stocks_ml,National
2015-04-01,1111.1,Diesel,stocks_ml,National
2015-05-01,1030.5,Diesel,stocks_ml,National
2015-06-01,1052.6,Diesel,stocks_ml,National
2015-07-01,1002.9,Diesel,stocks_ml,National
2015-08-01,1107.6,Diesel,stocks_ml,National
2015-09-01,1036.3,Diesel,stocks_ml,National
2015-10-01,968.2,Diesel,stocks_ml,National
2015-11-01,883.5,Diesel,stocks_ml,National
2015-12-01,1078.6,Diesel,stocks_ml,National
2016-01-01,1198.2,Diesel,stocks_ml,National
2016-02-01,1216.4,Diesel,stocks_ml,National
2016-03-01,1265.5,Diesel,stocks_ml,National
2016-04-01,1192.0,Diesel,stocks_ml,National
2016-05-01,1192.2,Diesel,stocks_ml,National
2016-06-01,1309.6,Diesel,stocks_ml,National
2016-07-01,1336.5,Diesel,stocks_ml,National
2016-08-01,1269.0,Diesel,stocks_ml,National
2016-09-01,1169.7,Diesel,stocks_ml,National
2016-10-01,1040.0,Diesel,stocks_ml,National
2016-11-01,825.5,Diesel,stocks_ml,National
2016-12-01,1107.5,Diesel,stocks_ml,National
2017-01-01,1270.7,Diesel,stocks_ml,National
2017-02-01,1193.0,Diesel,stocks_ml,National
2017-03-01,1199.1,Diesel,stocks_ml,National
2017-04-01,1407.5,Diesel,stocks_ml,National
2017-05-01,1314.3,Diesel,stocks_ml,National
2017-06-01,1105.2,Diesel,stocks_ml,National
2017-07-01,1043.1,Diesel,stocks_ml,National
2017-08-01,1192.5,Diesel,stocks_ml,National
2017-09-01,1184.9,Diesel,stocks_ml,National
2017-10-01,1285.4,Diesel,stocks_ml,National
2017-11-01,1103.2,Diesel,stocks_ml,National
2017-12-01,1214.9,Diesel,stocks_ml,National
2018-01-01,1573.2,Diesel,stocks_ml,National
2018-02-01,1396.8,Diesel,stocks_ml,National
2018-03-01,1548.6,Diesel,stocks_ml,National
2018-04-01,1582.1,Diesel,stocks_ml,National
2018-05-01,1385.8,Diesel,stocks_ml,National
2018-06-01,1471.8,Diesel,stocks_ml,National
2018-07-01,1654.9,Diesel,stocks_ml,National
2018-08-01,1521.5,Diesel,stocks_ml,National
2018-09-01,1677.8,Diesel,stocks_ml,National
2018-10-01,1373.4,Diesel,stocks_ml,National
2018-11-01,1343.0,Diesel,stocks_ml,National
2018-12-01,1736.7,Diesel,stocks_ml,National
2019-01-01,1634.2,Diesel,stocks_ml,National
2019-02-01,1560.6,Diesel,stocks_ml,National
2019-03-01,1638.3,Diesel,stocks_ml,National
2019-04-01,1696.1,Diesel,stocks_ml,National
2019-05-01,1741.0,Diesel,stocks_ml,National
2019-06-01,1774.9,Diesel,stocks_ml,National
2019-07-01,1693.8,Diesel,stocks_ml,National
2019-08-01,1716.7,Diesel,stocks_ml,National
2019-09-01,1659.1,Diesel,stocks_ml,National
2019-10-01,1488.3,Diesel,stocks_ml,National
2019-11-01,1498.9,Diesel,stocks_ml,National
2019-12-01,1746.6,Diesel,stocks_ml,National
2020-01-01,1817.9,Diesel,stocks_ml,National
2020-02-01,1635.1,Diesel,stocks_ml,National
2020-03-01,1485.5,Diesel,stocks_ml,National
2020-04-01,1610.9,Diesel,stocks_ml,National
2020-05-01,1425.9,Diesel,stocks_ml,National
2020-06-01,1581.1,Diesel,stocks_ml,National
2020-07-01,1631.7,Diesel,stocks_ml,National
2020-08-01,1883.9,Diesel,stocks_ml,National
2020-09-01,1689.1,Diesel,stocks_ml,National
2020-10-01,1662.6,Diesel,stocks_ml,National
2020-11-01,1755.8,Diesel,stocks_ml,National
2020-12-01,1623.2,Diesel,stocks_ml,National
2021-01-01,1908.9,Diesel,stocks_ml,National
2021-02-01,1708.3,Diesel,stocks_ml,National
2021-03-01,1691.1,Diesel,stocks_ml,National
2021-04-01,1583.2,Diesel,stocks_ml,National
2021-05-01,1543.9,Diesel,stocks_ml,National
2021-06-01,1628.3,Diesel,stocks_ml,National
2021-07-01,1823.3,Diesel,stocks_ml,National
2021-08-01,1874.9,Diesel,stocks_ml,National
2021-09-01,1716.2,Diesel,stocks_ml,National
2021-10-01,1872.7,Diesel,stocks_ml,National
2021-11-01,1677.0,Diesel,stocks_ml,National
2021-12-01,1823.7,Diesel,stocks_ml,National
2022-01-01,1797.8,Diesel,stocks_ml,National
2022-02-01,1942.6,Diesel,stocks_ml,National
2022-03-01,1587.2,Diesel,stocks_ml,National
2022-04-01,1696.0,Diesel,stocks_ml,National
2022-05-01,1877.2,Diesel,stocks_ml,National
2022-06-01,1829.2,Diesel,stocks_ml,National
2022-07-01,1526.4,Diesel,stocks_ml,National
2022-08-01,1729.3,Diesel,stocks_ml,National
2022-09-01,1626.0,Diesel,stocks_ml,National
2022-10-01,2078.4,Diesel,stocks_ml,National
2022-11-01,2000.5,Diesel,stocks_ml,National
2022-12-01,1908.7,Diesel,stocks_ml,National
2023-01-01,1923.0,Diesel,stocks_ml,National
2023-02-01,2015.9,Diesel,stocks_ml,National
2023-03-01,1795.9,Diesel,stocks_ml,National
2023-04-01,1838.5,Diesel,stocks_ml,National
2023-05-01,1733.2,Diesel,stocks_ml,National
2023-06-01,1807.5,Diesel,stocks_ml,National
2023-07-01,2013.2,Diesel,stocks_ml,National
2023-08-01,2061.9,Diesel,stocks_ml,National
2023-09-01,1994.8,Diesel,stocks_ml,National
2023-10-01,1791.4,Diesel,stocks_ml,National
2023-11-01,1852.1,Diesel,stocks_ml,National
2023-12-01,1930.8,Diesel,stocks_ml,National
2024-01-01,2157.6,Diesel,stocks_ml,National
2024-02-01,2326.5,Diesel,stocks_ml,National
2024-03-01,2022.7,Diesel,stocks_ml,National
2024-04-01,1852.8,Diesel,stocks_ml,National
2024-05-01,2033.3,Diesel,stocks_ml,National
2024-06-01,2280.9,Diesel,stocks_ml,National
2024-07-01,2142.9,Diesel,stocks_ml,National
2024-08-01,2212.0,Diesel,stocks_ml,National
2024-09-01,2170.3,Diesel,stocks_ml,National
2024-10-01,1999.0,Diesel,stocks_ml,National
2024-11-01,2001.4,Diesel,stocks_ml,National
2024-12-01,2095.6,Diesel,stocks_ml,National
2025-01-01,2471.4,Diesel,stocks_ml,National
2025-02-01,2591.3,Diesel,stocks_ml,National
2025-03-01,2636.3,Diesel,stocks_ml,National
2025-04-01,2375.8,Diesel,stocks_ml,National
2025-05-01,2152.2,Diesel,stocks_ml,National
2025-06-01,2053.1,Diesel,stocks_ml,National
2025-07-01,2217.9,Diesel,stocks_ml,National
2025-08-01,2228.2,Diesel,stocks_ml,National
2025-09-01,2629.0,Diesel,stocks_ml,National
2025-10-01,2212.1,Diesel,stocks_ml,National
2025-11-01,2015.7,Diesel,stocks_ml,National
2025-12-01,2265.8,Diesel,stocks_ml,National
2026-01-01,2407.2,Diesel,stocks_ml,National
2026-02-01,2379.1,Diesel,stocks_ml,National
2026-03-01,1985.7,Diesel,stocks_ml,National
2026-04-01,2489.4,Diesel,stocks_ml,National
2026-05-01,2817.9,Diesel,stocks_ml,National
2026-06-01,2831.2,Diesel,stocks_ml,National
2026-07-01,2621.1,Diesel,stocks_ml,National
2010-07-01,1137.0,Petrol,stocks_ml,National
2010-08-01,1058.0,Petrol,stocks_ml,National
2010-09-01,1030.8,Petrol,stocks_ml,National
2010-10-01,1027.8,Petrol,stocks_ml,National
2010-11-01,886.9,Petrol,stocks_ml,National
2010-12-01,801.9,Petrol,stocks_ml,National
2011-01-01,950.3,Petrol,stocks_ml,National
2011-02-01,929.8,Petrol,stocks_ml,National
2011-03-01,931.9,Petrol,stocks_ml,National
2011-04-01,995.2,Petrol,stocks_ml,National
2011-05-01,966.5,Petrol,stocks_ml,National
2011-06-01,1076.1,Petrol,stocks_ml,National
2011-07-01,1116.4,Petrol,stocks_ml,National
2011-08-01,1123.4,Petrol,stocks_ml,National
2011-09-01,1078.1,Petrol,stocks_ml,National
2011-10-01,944.6,Petrol,stocks_ml,National
2011-11-01,913.2,Petrol,stocks_ml,National
2011-12-01,1022.0,Petrol,stocks_ml,National
2012-01-01,948.9,Petrol,stocks_ml,National
2012-02-01,918.0,Petrol,stocks_ml,National
2012-03-01,896.6,Petrol,stocks_ml,National
2012-04-01,1015.9,Petrol,stocks_ml,National
2012-05-01,1067.7,Petrol,stocks_ml,National
2012-06-01,1064.6,Petrol,stocks_ml,National
2012-07-01,1013.7,Petrol,stocks_ml,National
2012-08-01,1028.8,Petrol,stocks_ml,National
2012-09-01,1042.9,Petrol,stocks_ml,National
2012-10-01,1037.6,Petrol,stocks_ml,National
2012-11-01,947.0,Petrol,stocks_ml,National
2012-12-01,887.2,Petrol,stocks_ml,National
2013-01-01,959.1,Petrol,stocks_ml,National
2013-02-01,1000.3,Petrol,stocks_ml,National
2013-03-01,1074.7,Petrol,stocks_ml,National
2013-04-01,1089.5,Petrol,stocks_ml,National
2013-05-01,1065.3,Petrol,stocks_ml,National
2013-06-01,1170.4,Petrol,stocks_ml,National
2013-07-01,1207.9,Petrol,stocks_ml,National
2013-08-01,1095.9,Petrol,stocks_ml,National
2013-09-01,958.0,Petrol,stocks_ml,National
2013-10-01,944.7,Petrol,stocks_ml,National
2013-11-01,937.5,Petrol,stocks_ml,National
2013-12-01,935.3,Petrol,stocks_ml,National
2014-01-01,980.1,Petrol,stocks_ml,National
2014-02-01,1023.9,Petrol,stocks_ml,National
2014-03-01,1010.1,Petrol,stocks_ml,National
2014-04-01,1035.0,Petrol,stocks_ml,National
2014-05-01,1009.6,Petrol,stocks_ml,National
2014-06-01,1022.9,Petrol,stocks_ml,National
2014-07-01,942.4,Petrol,stocks_ml,National
2014-08-01,1011.4,Petrol,stocks_ml,National
2014-09-01,940.7,Petrol,stocks_ml,National
2014-10-01,870.1,Petrol,stocks_ml,National
2014-11-01,828.5,Petrol,stocks_ml,National
2014-12-01,898.8,Petrol,stocks_ml,National
2015-01-01,961.2,Petrol,stocks_ml,National
2015-02-01,1056.3,Petrol,stocks_ml,National
2015-03-01,980.0,Petrol,stocks_ml,National
2015-04-01,1185.9,Petrol,stocks_ml,National
2015-05-01,1132.2,Petrol,stocks_ml,National
2015-06-01,1186.9,Petrol,stocks_ml,National
2015-07-01,1196.8,Petrol,stocks_ml,National
2015-08-01,1072.1,Petrol,stocks_ml,National
2015-09-01,1117.4,Petrol,stocks_ml,National
2015-10-01,1072.0,Petrol,stocks_ml,National
2015-11-01,997.8,Petrol,stocks_ml,National
2015-12-01,1051.8,Petrol,stocks_ml,National
2016-01-01,1126.0,Petrol,stocks_ml,National
2016-02-01,1099.1,Petrol,stocks_ml,National
2016-03-01,1347.9,Petrol,stocks_ml,National
2016-04-01,1271.9,Petrol,stocks_ml,National
2016-05-01,1260.6,Petrol,stocks_ml,National
2016-06-01,1356.7,Petrol,stocks_ml,National
2016-07-01,1332.9,Petrol,stocks_ml,National
2016-08-01,1165.4,Petrol,stocks_ml,National
2016-09-01,1204.9,Petrol,stocks_ml,National
2016-10-01,1192.7,Petrol,stocks_ml,National
2016-11-01,1164.3,Petrol,stocks_ml,National
2016-12-01,1079.0,Petrol,stocks_ml,National
2017-01-01,974.4,Petrol,stocks_ml,National
2017-02-01,983.4,Petrol,stocks_ml,National
2017-03-01,986.1,Petrol,stocks_ml,National
2017-04-01,1098.7,Petrol,stocks_ml,National
2017-05-01,1234.8,Petrol,stocks_ml,National
2017-06-01,1177.6,Petrol,stocks_ml,National
2017-07-01,1015.5,Petrol,stocks_ml,National
2017-08-01,1152.4,Petrol,stocks_ml,National
2017-09-01,1049.6,Petrol,stocks_ml,National
2017-10-01,1006.6,Petrol,stocks_ml,National
2017-11-01,969.9,Petrol,stocks_ml,National
2017-12-01,1032.4,Petrol,stocks_ml,National
2018-01-01,1025.3,Petrol,stocks_ml,National
2018-02-01,1133.4,Petrol,stocks_ml,National
2018-03-01,1113.4,Petrol,stocks_ml,National
2018-04-01,1091.8,Petrol,stocks_ml,National
2018-05-01,1287.8,Petrol,stocks_ml,National
2018-06-01,1265.5,Petrol,stocks_ml,National
2018-07-01,1274.4,Petrol,stocks_ml,National
2018-08-01,1155.5,Petrol,stocks_ml,National
2018-09-01,1081.9,Petrol,stocks_ml,National
2018-10-01,1099.2,Petrol,stocks_ml,National
2018-11-01,951.6,Petrol,stocks_ml,National
2018-12-01,904.1,Petrol,stocks_ml,National
2019-01-01,1180.2,Petrol,stocks_ml,National
2019-02-01,1039.2,Petrol,stocks_ml,National
2019-03-01,1175.0,Petrol,stocks_ml,National
2019-04-01,1268.1,Petrol,stocks_ml,National
2019-05-01,1393.8,Petrol,stocks_ml,National
2019-06-01,1310.4,Petrol,stocks_ml,National
2019-07-01,1335.3,Petrol,stocks_ml,National
2019-08-01,1152.2,Petrol,stocks_ml,National
2019-09-01,1297.9,Petrol,stocks_ml,National
2019-10-01,1208.4,Petrol,stocks_ml,National
2019-11-01,1026.4,Petrol,stocks_ml,National
2019-12-01,1159.9,Petrol,stocks_ml,National
2020-01-01,1185.6,Petrol,stocks_ml,National
2020-02-01,1191.5,Petrol,stocks_ml,National
2020-03-01,1166.1,Petrol,stocks_ml,National
2020-04-01,1382.8,Petrol,stocks_ml,National
2020-05-01,1197.0,Petrol,stocks_ml,National
2020-06-01,1160.4,Petrol,stocks_ml,National
2020-07-01,1105.0,Petrol,stocks_ml,National
2020-08-01,1106.4,Petrol,stocks_ml,National
2020-09-01,1206.9,Petrol,stocks_ml,National
2020-10-01,1064.8,Petrol,stocks_ml,National
2020-11-01,1022.3,Petrol,stocks_ml,National
2020-12-01,1123.5,Petrol,stocks_ml,National
2021-01-01,1433.1,Petrol,stocks_ml,National
2021-02-01,1347.2,Petrol,stocks_ml,National
2021-03-01,1372.3,Petrol,stocks_ml,National
2021-04-01,1390.2,Petrol,stocks_ml,National
2021-05-01,1217.7,Petrol,stocks_ml,National
2021-06-01,1304.0,Petrol,stocks_ml,National
2021-07-01,1470.7,Petrol,stocks_ml,National
2021-08-01,1627.0,Petrol,stocks_ml,National
2021-09-01,1466.5,Petrol,stocks_ml,National
2021-10-01,1356.4,Petrol,stocks_ml,National
2021-11-01,1020.4,Petrol,stocks_ml,National
2021-12-01,1071.9,Petrol,stocks_ml,National
2022-01-01,1266.7,Petrol,stocks_ml,National
2022-02-01,1559.1,Petrol,stocks_ml,National
2022-03-01,1252.0,Petrol,stocks_ml,National
2022-04-01,1210.8,Petrol,stocks_ml,National
2022-05-01,1295.9,Petrol,stocks_ml,National
2022-06-01,1178.5,Petrol,stocks_ml,National
2022-07-01,1275.8,Petrol,stocks_ml,National
2022-08-01,1241.8,Petrol,stocks_ml,National
2022-09-01,1091.1,Petrol,stocks_ml,National
2022-10-01,1261.9,Petrol,stocks_ml,National
2022-11-01,1192.4,Petrol,stocks_ml,National
2022-12-01,1152.4,Petrol,stocks_ml,National
2023-01-01,1251.6,Petrol,stocks_ml,National
2023-02-01,1433.4,Petrol,stocks_ml,National
2023-03-01,1255.7,Petrol,stocks_ml,National
2023-04-01,1250.1,Petrol,stocks_ml,National
2023-05-01,1143.9,Petrol,stocks_ml,National
2023-06-01,1298.9,Petrol,stocks_ml,National
2023-07-01,1314.8,Petrol,stocks_ml,National
2023-08-01,1161.9,Petrol,stocks_ml,National
2023-09-01,1197.5,Petrol,stocks_ml,National
2023-10-01,1135.6,Petrol,stocks_ml,National
2023-11-01,1016.6,Petrol,stocks_ml,National
2023-12-01,1025.0,Petrol,stocks_ml,National
2024-01-01,1068.8,Petrol,stocks_ml,National
2024-02-01,1204.8,Petrol,stocks_ml,National
2024-03-01,1242.8,Petrol,stocks_ml,National
2024-04-01,1190.1,Petrol,stocks_ml,National
2024-05-01,1336.1,Petrol,stocks_ml,National
2024-06-01,1280.8,Petrol,stocks_ml,National
2024-07-01,1360.6,Petrol,stocks_ml,National
2024-08-01,1252.2,Petrol,stocks_ml,National
2024-09-01,1286.9,Petrol,stocks_ml,National
2024-10-01,1270.2,Petrol,stocks_ml,National
2024-11-01,1058.8,Petrol,stocks_ml,National
2024-12-01,1107.0,Petrol,stocks_ml,National
2025-01-01,1337.7,Petrol,stocks_ml,National
2025-02-01,1305.5,Petrol,stocks_ml,National
2025-03-01,1246.0,Petrol,stocks_ml,National
2025-04-01,1352.7,Petrol,stocks_ml,National
2025-05-01,1273.9,Petrol,stocks_ml,National
2025-06-01,1183.9,Petrol,stocks_ml,National
2025-07-01,1223.9,Petrol,stocks_ml,National
2025-08-01,1394.5,Petrol,stocks_ml,National
2025-09-01,1429.6,Petrol,stocks_ml,National
2025-10-01,1284.1,Petrol,stocks_ml,National
2025-11-01,1192.3,Petrol,stocks_ml,National
2025-12-01,1142.5,Petrol,stocks_ml,National
2026-01-01,1232.9,Petrol,stocks_ml,National
2026-02-01,1207.2,Petrol,stocks_ml,National
2026-03-01,1372.7,Petrol,stocks_ml,National
2026-04-01,1551.1,Petrol,stocks_ml,National
2026-05-01,1454.5,Petrol,stocks_ml,National
2026-06-01,1417.9,Petrol,stocks_ml,National
2026-07-01,1314.4,Petrol,stocks_ml,National
